temperature_c,vibration_mm_s,pressure_bar,motor_current_a,flow_l_min,runtime_hours,starts_per_day,status
62.56,2.772,5.62,17.98,36.92,1416,8,Normal
59.23,2.887,4.5,17.7,40.06,7564,8,Normal
84.57,2.613,6.27,12.59,31.21,4693,4,Attention
58.2,2.913,7.46,18.33,52.36,5885,7,Normal
60.42,2.02,4.73,18.58,62.18,4087,7,Attention
82.0,1.903,4.43,18.13,23.34,23,10,Attention
60.51,2.166,7.1,23.55,48.09,3465,8,Normal
52.49,2.383,5.31,17.82,55.15,8526,6,Normal
74.16,2.117,7.13,17.39,49.74,9685,9,Attention
67.81,1.087,4.6,20.92,38.17,8568,8,Normal
67.5,0.933,5.07,21.33,40.64,3434,7,Normal
63.32,3.526,5.63,21.49,31.47,608,6,Normal
56.21,4.3,4.7,11.86,55.1,4335,2,Normal
44.8,1.24,4.24,11.01,38.73,6599,7,Normal
81.6,2.366,3.41,13.64,31.67,6486,3,Attention
61.31,7.114,2.56,19.67,49.45,6635,6,Attention
69.25,2.684,4.28,17.16,41.91,2194,9,Normal
72.94,3.547,4.48,24.34,42.41,8766,8,Attention
61.96,1.582,4.15,19.65,45.61,8096,10,Normal
48.8,1.909,5.78,16.48,40.07,5962,3,Normal
41.58,2.877,3.67,14.26,51.61,1523,4,Normal
88.08,0.863,4.57,17.92,55.09,3712,8,Attention
64.72,2.813,6.29,12.46,37.5,2013,7,Attention
53.54,4.166,6.05,19.91,31.12,6026,8,Normal
68.93,2.504,3.86,17.38,47.25,7552,10,Attention
56.51,2.769,6.76,12.66,58.1,3677,15,Normal
63.23,1.49,5.16,22.88,53.55,7311,5,Normal
65.9,1.13,5.67,12.27,41.99,4894,4,Normal
63.54,2.446,3.23,23.39,72.91,7129,12,Attention
63.77,2.396,5.45,17.17,26.33,6409,6,Normal
74.23,3.186,6.85,15.68,47.4,8235,4,Attention
74.75,2.705,5.06,15.22,30.93,4820,8,Attention
79.89,2.762,4.19,21.12,47.95,9423,5,Attention
53.6,3.451,6.09,20.07,49.24,5727,5,Normal
54.94,1.731,4.71,20.09,43.04,246,5,Normal
67.37,6.728,5.19,14.05,37.64,222,10,Attention
71.07,1.37,6.58,25.96,38.85,4870,11,Attention
74.1,3.352,5.44,14.63,35.02,3435,4,Attention
65.53,2.26,4.32,14.87,44.73,9769,8,Normal
71.98,1.957,5.89,23.58,31.57,1817,5,Normal
57.28,2.093,5.31,24.76,41.42,1977,8,Normal
52.6,2.899,5.78,15.21,37.81,8678,8,Normal
53.14,4.004,5.11,18.9,16.05,661,7,Normal
57.78,2.093,6.96,15.9,35.92,9808,6,Normal
55.11,2.411,6.03,21.89,38.29,9107,6,Normal
62.41,1.561,4.21,15.82,45.01,8531,6,Normal
65.2,1.186,5.78,20.87,27.99,6970,7,Normal
72.21,1.252,5.28,22.77,51.59,297,5,Normal
77.55,1.25,2.1,26.77,28.76,4538,9,Urgent
63.24,2.066,5.81,19.81,44.1,2292,4,Normal
82.71,4.223,5.14,23.14,32.0,6668,6,Urgent
52.55,3.559,6.98,15.57,39.93,874,5,Normal
66.65,6.161,5.32,12.14,31.58,2786,6,Normal
73.41,2.551,5.07,19.75,40.71,5671,7,Attention
51.81,3.463,5.18,18.89,53.95,9779,5,Normal
72.83,2.82,5.79,12.99,45.25,6772,4,Normal
81.19,1.973,4.24,17.98,42.61,5697,6,Attention
86.38,2.208,4.59,15.46,37.37,1733,7,Attention
59.89,1.801,6.65,16.27,43.6,826,8,Normal
69.86,3.856,7.01,22.47,19.55,6163,7,Attention
75.76,2.923,3.94,13.4,14.6,522,10,Attention
88.74,1.066,7.43,20.38,30.98,3300,10,Attention
49.27,1.102,7.03,15.74,47.27,9737,9,Normal
72.19,4.433,3.81,23.3,60.96,3262,12,Attention
54.79,2.243,5.37,14.3,21.98,7121,5,Normal
59.7,4.552,6.64,22.29,19.67,7765,2,Normal
67.2,0.997,4.18,20.06,28.58,8910,8,Attention
72.6,4.775,2.87,10.49,23.48,1161,4,Attention
101.82,1.697,4.57,14.04,44.28,9275,6,Urgent
66.17,2.082,6.23,22.66,25.51,7319,10,Attention
83.23,1.393,6.74,17.15,50.01,6492,8,Normal
59.33,3.231,4.38,22.11,62.32,872,6,Attention
63.22,1.618,6.22,10.96,31.96,6761,11,Normal
76.8,2.173,5.16,18.78,44.63,1228,9,Normal
61.39,8.419,7.21,23.64,32.76,3439,3,Normal
80.48,2.637,4.57,18.52,46.03,5196,6,Attention
61.08,4.248,5.82,9.94,25.51,6700,5,Normal
80.0,1.399,5.83,25.1,48.92,8748,7,Attention
69.55,1.819,4.56,16.27,32.24,9968,6,Attention
78.33,1.526,5.66,14.77,44.35,2306,4,Normal
90.02,2.054,5.38,15.64,34.46,9211,9,Attention
50.79,2.009,7.73,21.65,58.26,2549,4,Normal
80.5,1.817,6.42,14.22,47.07,570,4,Attention
70.52,1.889,6.69,15.09,37.53,6668,6,Normal
75.57,3.07,3.2,16.69,39.39,4319,8,Attention
64.29,1.618,4.01,20.16,29.13,2724,7,Attention
79.26,0.734,4.97,21.17,55.97,8143,14,Attention
63.82,1.69,6.92,15.16,75.0,6064,6,Normal
82.66,1.628,7.1,22.56,58.04,590,8,Attention
81.1,2.559,5.58,14.86,40.05,6089,4,Attention
64.44,2.479,4.8,12.37,42.65,7205,8,Normal
74.48,4.894,5.43,18.4,34.47,8731,6,Attention
84.9,1.443,4.85,16.22,57.34,1823,6,Attention
67.41,3.248,5.63,14.27,52.69,7043,12,Attention
66.32,2.849,4.4,8.77,55.67,2025,2,Normal
75.02,1.716,4.21,28.07,51.06,2175,6,Attention
89.87,1.625,3.44,18.18,32.94,1601,7,Attention
96.04,3.276,4.83,16.96,48.76,8364,7,Urgent
38.91,0.879,5.13,13.05,45.19,3982,7,Normal
75.32,1.696,4.33,19.84,41.56,2041,4,Normal
55.79,4.077,5.53,21.48,39.28,7078,6,Normal
36.35,2.245,5.46,22.85,20.75,877,8,Normal
66.25,4.0,4.69,16.48,20.46,1720,6,Attention
66.87,5.693,3.41,19.11,52.73,5616,5,Attention
65.07,2.877,5.17,19.05,70.42,8194,7,Attention
65.89,1.04,5.57,23.83,36.03,7775,4,Attention
64.19,1.898,5.26,10.39,33.65,3256,8,Normal
64.11,4.376,6.96,17.15,25.87,3395,5,Normal
77.24,2.57,5.89,12.74,58.2,281,7,Normal
74.77,1.782,5.67,10.22,34.8,7461,6,Attention
70.08,0.828,5.89,16.62,32.49,1927,6,Normal
58.39,1.645,6.49,13.65,37.15,3052,6,Normal
66.09,1.038,4.25,20.22,48.27,7715,6,Attention
66.25,5.355,4.09,24.9,34.12,3412,5,Attention
67.22,2.82,3.97,19.95,34.66,9254,8,Attention
62.48,2.586,4.39,15.8,41.65,8830,11,Attention
71.33,3.744,4.98,17.77,37.58,6960,12,Attention
46.58,2.51,3.07,16.97,68.98,5207,7,Normal
48.28,1.861,4.41,22.87,32.32,5281,6,Normal
87.47,3.639,4.63,16.77,51.98,3626,6,Attention
54.51,2.999,4.33,21.63,30.13,6164,4,Normal
44.44,1.504,4.58,15.46,36.7,7650,4,Normal
79.11,2.486,6.2,24.01,39.6,1071,4,Attention
50.41,1.784,4.28,27.24,57.48,316,7,Normal
56.06,1.957,4.32,17.25,22.13,5615,8,Normal
66.87,5.28,4.9,11.35,44.14,1768,7,Normal
89.4,1.818,6.52,17.71,44.38,6159,10,Attention
78.28,2.293,5.88,16.87,37.69,5496,4,Attention
49.09,2.197,5.87,13.76,40.82,5598,9,Normal
35.31,1.223,5.18,26.54,43.3,6107,8,Normal
73.88,2.01,5.25,6.85,35.15,5917,4,Attention
86.73,2.847,5.96,17.92,44.6,6099,6,Attention
65.29,1.99,3.85,12.6,44.39,1360,2,Normal
52.99,0.999,4.57,22.67,27.55,4649,8,Normal
59.75,0.967,4.24,16.35,37.31,7727,18,Attention
87.54,5.074,3.47,22.51,61.53,8600,7,Urgent
51.73,1.966,5.04,13.48,38.54,1769,6,Normal
43.44,2.143,4.57,18.89,40.67,7516,8,Normal
63.73,0.443,3.96,21.76,48.49,5927,4,Normal
62.19,2.914,4.87,25.19,50.92,1670,3,Normal
62.87,1.199,4.05,20.19,42.29,9823,6,Attention
67.62,1.703,5.2,20.05,45.19,765,5,Attention
89.18,1.669,7.33,17.05,67.26,5256,3,Attention
65.01,1.898,5.44,18.63,40.0,5673,4,Normal
85.92,5.308,6.78,18.55,31.91,1202,9,Attention
75.97,2.283,4.78,22.78,43.08,6621,9,Attention
63.96,3.094,6.36,13.88,34.54,8722,5,Normal
56.05,2.844,4.05,16.9,39.3,6995,12,Attention
52.24,2.925,4.3,13.78,34.61,964,8,Normal
75.33,3.167,7.1,15.93,50.13,3376,6,Normal
71.97,2.231,5.63,18.14,35.47,2788,3,Normal
94.77,4.125,3.64,22.27,44.54,7396,7,Urgent
69.62,1.206,5.66,16.95,44.45,5814,4,Normal
52.19,0.883,6.09,15.31,45.64,5461,4,Normal
60.9,2.361,4.05,25.3,28.93,7162,5,Attention
50.18,0.675,4.4,19.73,43.52,6906,4,Normal
71.23,1.033,3.03,25.11,48.58,188,8,Attention
69.0,0.587,4.27,16.61,45.97,2080,11,Normal
75.9,1.994,7.25,21.04,43.41,8239,8,Attention
74.29,1.703,5.43,14.72,49.01,149,12,Normal
92.11,2.973,6.17,14.22,48.7,1532,7,Attention
68.58,2.195,2.67,17.05,24.01,4344,4,Attention
89.15,3.183,4.35,20.03,44.18,8260,6,Urgent
69.78,3.449,6.13,17.84,58.61,3667,7,Normal
72.73,4.219,4.48,11.84,39.28,4653,6,Attention
72.21,1.425,5.3,24.34,44.14,8331,9,Attention
78.73,3.252,5.26,18.19,46.78,6913,4,Attention
72.62,3.118,3.32,14.54,27.83,5881,3,Attention
64.86,3.169,6.21,23.77,51.22,6357,9,Attention
56.09,2.923,5.54,19.9,37.77,6189,6,Normal
71.45,3.271,6.9,11.44,39.07,7703,6,Attention
80.42,1.606,5.84,12.07,33.29,5541,6,Normal
79.24,2.853,7.52,15.35,50.19,7035,6,Attention
71.53,3.082,4.52,13.72,53.22,802,5,Normal
82.25,0.789,6.43,16.34,40.74,876,3,Normal
68.56,1.781,5.74,15.66,44.62,4252,8,Normal
73.97,2.115,6.68,15.34,31.32,4518,6,Normal
75.21,2.824,4.24,25.34,37.19,6307,5,Attention
52.2,2.457,5.99,11.12,38.45,5284,4,Normal
73.1,2.443,5.09,11.7,35.71,2431,10,Attention
63.04,7.02,8.19,10.94,46.79,1226,5,Attention
58.22,1.67,4.99,18.46,18.77,5893,11,Normal
70.91,1.99,3.44,20.42,38.82,4583,6,Attention
59.3,2.967,2.81,17.69,45.65,7346,3,Normal
61.96,1.851,2.81,5.52,46.04,8868,11,Attention
62.07,1.965,6.26,13.64,29.07,1391,9,Normal
75.04,1.526,6.21,21.73,37.79,3560,5,Normal
75.93,2.085,7.0,10.91,17.43,2030,1,Attention
67.58,1.033,6.88,20.89,46.46,6788,7,Attention
87.54,2.609,4.33,16.11,30.72,9743,7,Attention
69.69,1.408,5.31,19.83,34.51,7809,6,Normal
70.85,3.176,5.53,11.32,29.48,1887,8,Normal
56.67,0.492,4.91,16.79,38.91,1713,4,Normal
50.04,2.592,4.2,23.03,43.34,5094,9,Normal
74.04,3.223,5.6,15.47,38.39,1947,5,Normal
68.65,2.358,7.73,22.45,50.7,3916,9,Attention
60.18,1.918,6.76,16.33,41.81,5281,4,Normal
66.07,1.35,3.82,12.97,45.15,5247,4,Normal
69.37,2.999,2.33,18.09,31.13,2688,5,Attention
67.39,2.061,5.94,17.96,43.76,7830,7,Normal
76.55,1.416,6.65,18.11,33.14,6060,6,Attention
59.84,1.947,5.77,23.85,36.02,1952,6,Normal
70.87,2.136,5.48,13.49,21.15,1976,7,Attention
74.18,2.875,6.75,19.32,38.66,8487,7,Attention
69.68,3.842,6.04,16.38,42.05,5982,4,Attention
55.54,2.831,5.4,19.04,31.31,9054,6,Normal
70.79,3.797,6.48,20.58,40.42,8416,3,Attention
88.46,2.618,3.31,19.56,35.62,8111,5,Attention
73.78,2.198,5.88,23.14,42.65,9447,4,Attention
69.91,2.963,5.57,17.48,49.72,784,9,Normal
88.89,2.661,8.46,16.1,54.48,6894,7,Attention
64.17,2.309,6.6,14.93,45.16,3058,8,Normal
50.73,3.666,4.97,24.6,28.74,2390,6,Normal
67.5,3.598,6.42,19.25,33.72,1162,7,Attention
57.71,2.384,6.93,15.08,24.82,7976,7,Attention
70.7,6.092,5.32,15.39,37.44,6934,9,Urgent
60.84,2.045,6.08,27.2,40.95,5589,10,Attention
59.07,2.935,4.75,15.65,41.12,1141,8,Normal
86.65,2.91,5.54,10.14,30.84,753,6,Attention
81.05,1.156,4.71,12.38,40.06,4005,12,Attention
78.1,2.381,6.9,14.91,31.95,9444,5,Attention
70.9,1.792,5.75,16.46,47.09,4681,7,Normal
66.31,2.042,5.03,16.55,25.9,3987,9,Normal
76.54,0.936,6.23,24.62,43.17,9370,7,Attention
62.94,1.54,6.11,24.47,43.14,1875,6,Normal
70.79,3.048,6.8,26.44,57.44,5209,6,Attention
84.26,2.708,6.43,18.25,35.76,6057,7,Attention
66.37,0.829,3.77,28.34,35.48,9672,7,Attention
71.35,4.739,3.78,24.66,46.63,8628,9,Attention
71.46,2.79,6.23,21.82,55.61,7703,6,Attention
54.26,1.831,7.04,19.22,32.68,307,10,Normal
83.09,1.478,5.6,15.65,45.88,5953,9,Attention
73.52,1.727,3.45,24.4,56.55,1385,7,Attention
68.17,1.24,3.92,15.65,34.51,6644,6,Normal
96.34,3.116,5.16,10.94,56.03,1846,4,Attention
84.04,3.833,5.42,14.81,44.81,4518,10,Attention
75.28,2.057,5.13,22.41,46.8,4510,3,Normal
58.91,1.443,5.85,14.53,44.3,8189,11,Attention
74.58,2.722,5.69,23.11,41.78,7679,6,Attention
52.83,2.893,4.53,18.96,31.49,4796,5,Normal
86.19,1.465,5.4,10.58,43.58,4859,7,Attention
50.33,1.399,5.59,20.84,52.32,3168,8,Normal
82.98,3.147,5.46,18.28,38.34,1320,7,Normal
63.24,2.215,4.36,13.68,39.21,9215,4,Normal
45.45,1.401,7.5,17.2,29.08,442,7,Normal
64.14,1.09,4.49,16.9,43.62,536,3,Normal
56.48,0.608,6.06,22.72,55.49,6243,14,Normal
59.32,3.738,7.15,14.38,63.69,4082,10,Attention
58.43,1.15,4.29,20.61,56.85,5731,6,Normal
59.45,4.592,6.81,6.95,26.6,9816,10,Attention
78.91,3.147,4.89,16.38,34.95,2518,6,Attention
67.2,2.842,4.64,20.95,49.96,8870,8,Attention
60.77,1.817,4.98,22.01,33.49,4121,13,Normal
42.79,2.581,6.95,15.33,40.18,8724,7,Normal
67.74,1.836,8.06,29.16,49.57,9549,2,Attention
85.59,3.76,4.72,26.13,52.85,4094,4,Urgent
59.97,1.653,5.47,14.06,30.64,453,5,Normal
64.41,3.206,5.26,27.57,43.86,6940,4,Attention
48.37,3.165,4.5,15.46,33.18,9176,5,Normal
71.34,2.059,6.4,15.94,39.97,390,7,Normal
51.59,1.605,4.52,16.04,43.73,3443,5,Normal
67.78,1.148,5.35,21.34,40.77,1642,10,Normal
63.69,2.019,5.48,20.94,41.93,8710,8,Attention
61.76,2.804,6.2,20.23,35.1,8509,7,Normal
69.83,3.078,4.75,14.63,37.68,4014,3,Normal
64.74,1.177,5.49,15.88,38.81,8423,5,Normal
56.93,0.871,7.35,14.09,34.89,5830,5,Normal
70.63,5.637,5.11,14.37,47.91,668,5,Normal
65.77,1.449,4.09,17.57,43.88,3011,7,Normal
46.77,1.525,3.69,17.36,45.13,3134,4,Normal
53.24,2.25,6.71,11.43,54.12,1051,6,Normal
71.43,2.594,4.95,17.64,41.73,4658,8,Attention
59.05,1.934,5.54,13.1,38.59,1094,8,Normal
25.0,1.614,6.17,21.32,45.93,8716,5,Normal
84.21,3.055,4.86,18.55,44.45,914,6,Attention
67.42,6.811,7.01,21.58,30.56,2510,8,Attention
70.92,4.288,3.84,10.99,52.96,9899,7,Attention
67.24,2.669,3.09,16.86,57.38,9984,4,Attention
73.76,0.986,5.14,21.38,51.26,1557,9,Attention
57.65,0.764,4.69,27.71,34.05,7197,6,Normal
64.04,1.86,6.34,15.92,40.69,404,5,Normal
45.16,3.449,5.6,20.37,52.63,5669,8,Normal
82.66,1.161,4.66,17.98,34.26,7599,6,Attention
69.63,3.607,4.4,19.75,46.35,2164,8,Attention
47.71,2.92,4.09,16.83,42.19,5173,6,Normal
69.25,3.475,3.02,12.94,38.48,3082,8,Attention
50.99,2.343,6.38,23.67,25.61,1942,9,Normal
62.87,2.084,4.36,15.1,40.88,6767,6,Attention
67.76,1.329,7.64,15.06,51.0,8476,9,Normal
78.63,1.509,6.93,15.21,48.77,3288,9,Attention
54.31,1.454,4.32,21.38,58.7,1150,6,Normal
64.24,1.48,4.2,20.46,50.6,7125,5,Normal
69.62,0.932,7.46,22.96,54.12,9961,6,Attention
74.34,2.405,5.21,13.87,46.36,1981,4,Attention
73.79,1.48,6.44,13.46,57.0,7237,7,Attention
74.02,2.752,6.06,16.12,44.04,8604,8,Attention
68.31,1.821,5.25,10.19,33.27,326,7,Normal
73.43,1.977,5.0,16.55,27.72,9613,4,Attention
62.15,1.913,4.75,20.45,58.78,6258,8,Attention
71.98,2.19,4.83,19.98,35.25,2939,10,Normal
45.55,1.657,4.89,15.46,42.14,907,3,Normal
75.6,2.64,5.76,10.47,28.07,980,6,Attention
74.44,5.108,5.78,21.3,39.16,4706,14,Attention
78.9,1.676,6.32,14.7,44.35,3986,8,Normal
69.63,2.133,4.54,17.83,49.78,5336,9,Attention
59.39,2.503,5.04,19.52,41.31,8474,2,Normal
69.33,3.496,8.02,11.03,40.14,8127,9,Attention
91.9,3.759,5.11,19.56,37.66,2368,8,Attention
72.39,2.363,4.24,18.87,31.44,7259,6,Attention
48.72,1.674,6.36,17.4,37.11,6381,4,Normal
68.25,1.857,5.32,26.18,24.28,8888,5,Attention
56.96,3.313,6.97,23.21,39.69,3518,8,Normal
59.01,2.135,5.99,25.21,35.91,8914,3,Attention
61.56,1.943,2.27,16.26,48.29,2216,4,Normal
86.74,2.443,5.3,25.46,40.57,1852,10,Attention
64.86,1.659,5.62,22.08,50.15,7725,4,Attention
67.79,0.6,6.47,15.81,42.3,6291,13,Normal
74.29,1.143,6.38,21.59,40.49,2255,4,Normal
75.31,6.393,4.18,11.14,39.67,3173,4,Attention
70.72,1.916,7.59,22.29,41.2,6237,11,Attention
90.02,1.796,5.03,19.44,61.3,158,7,Attention
81.53,2.696,7.43,16.61,29.5,8288,5,Attention
69.96,2.066,5.08,20.6,59.62,7836,6,Attention
59.04,1.495,6.92,14.17,49.55,938,8,Normal
80.87,2.705,4.81,17.79,65.7,312,5,Normal
83.25,1.816,6.0,14.21,33.17,3683,12,Attention
85.02,2.025,5.41,14.31,34.16,2387,11,Attention
67.62,1.425,3.38,19.08,58.47,3256,6,Normal
62.33,3.831,5.83,19.64,49.05,5274,9,Normal
49.83,4.071,5.58,21.26,47.98,11,3,Normal
71.6,1.875,5.73,15.13,41.96,6522,7,Normal
60.37,1.698,5.94,12.07,52.14,5754,10,Normal
83.48,1.645,6.66,20.89,41.84,7878,5,Attention
66.34,4.2,6.25,11.68,40.26,142,5,Normal
51.75,1.879,4.1,15.5,42.65,3817,9,Normal
92.72,2.491,3.03,16.46,33.99,8249,4,Urgent
51.74,1.183,5.87,15.31,30.38,3553,12,Normal
50.44,2.217,5.68,21.18,51.23,7534,6,Normal
56.1,2.123,5.29,18.21,37.99,7513,9,Normal
78.83,0.711,6.03,17.76,35.43,2047,9,Normal
79.9,1.53,5.6,21.26,48.38,3883,5,Attention
68.35,2.743,4.44,24.28,33.09,2504,8,Attention
77.25,4.457,4.43,24.84,46.04,7385,13,Urgent
66.5,1.595,5.98,18.81,31.81,323,4,Normal
78.04,2.384,4.5,17.47,32.44,9258,2,Attention
65.55,2.483,5.2,9.75,29.0,8254,4,Normal
76.74,1.434,4.95,15.72,29.99,9999,11,Attention
63.54,1.772,5.91,18.39,34.17,5831,4,Normal
73.81,2.888,3.4,18.81,46.35,5523,7,Attention
53.32,1.442,6.93,19.6,38.69,3555,4,Normal
70.79,3.001,6.38,10.9,41.12,316,9,Normal
68.39,2.114,5.33,13.67,44.94,8016,4,Normal
51.34,2.536,4.53,18.33,30.11,1917,10,Normal
57.67,6.455,4.66,23.51,42.81,6651,6,Normal
72.61,3.412,6.02,20.21,28.35,13,6,Normal
82.04,2.952,5.48,18.57,40.71,9048,9,Attention
65.46,4.214,7.27,24.25,19.55,96,6,Normal
87.03,0.885,4.92,20.45,45.16,832,8,Attention
59.21,2.498,6.42,16.08,41.69,5658,6,Normal
60.03,2.395,4.71,11.21,41.32,3073,7,Normal
49.47,4.321,4.92,14.49,34.43,7743,3,Normal
67.45,1.149,4.13,21.63,29.7,8351,7,Attention
67.78,2.417,4.39,14.6,57.53,3075,7,Normal
55.4,1.136,3.27,25.27,59.12,1342,7,Normal
73.07,3.279,3.85,28.02,50.72,7124,7,Urgent
56.74,1.445,5.19,22.26,35.72,6535,7,Normal
76.83,0.58,5.81,20.39,62.48,1936,3,Normal
62.13,2.888,3.12,15.72,61.7,6894,10,Attention
70.98,2.03,5.33,17.55,62.58,7977,10,Attention
54.6,2.189,5.29,14.66,59.89,761,5,Normal
85.89,2.574,5.99,19.17,36.82,3915,7,Attention
74.29,2.684,5.4,14.71,43.38,6498,7,Attention
43.17,3.007,5.96,25.64,32.75,951,9,Normal
65.6,1.302,5.12,6.66,40.5,482,4,Normal
76.15,3.975,5.57,14.63,44.4,4251,10,Normal
94.08,2.527,5.68,19.28,42.67,9415,6,Urgent
68.47,3.924,8.41,17.36,48.01,2257,7,Normal
78.54,1.907,5.7,20.77,28.05,4816,7,Attention
64.45,1.527,6.3,18.51,52.44,8998,8,Normal
82.89,1.331,5.24,22.64,64.98,6061,3,Attention
48.06,1.197,7.0,21.05,44.4,4757,8,Normal
65.01,2.058,5.68,20.93,37.96,4043,5,Normal
67.92,1.846,5.32,18.59,56.46,6497,3,Normal
63.57,1.586,5.24,16.01,38.73,3616,5,Normal
75.53,2.596,3.67,11.34,44.06,768,5,Attention
51.84,1.735,6.99,22.55,46.64,5757,11,Normal
76.8,3.29,4.66,23.13,51.35,8452,13,Attention
65.37,4.251,7.06,15.26,40.72,1241,5,Normal
58.03,2.89,4.64,21.27,20.0,2002,6,Normal
58.06,1.059,5.82,18.24,52.17,6791,10,Normal
54.2,1.1,4.29,19.86,48.38,144,9,Normal
61.94,1.385,4.62,22.29,46.2,2349,4,Normal
71.14,1.293,4.47,17.89,36.35,6361,9,Attention
83.78,2.057,7.25,18.6,44.2,6991,7,Attention
58.61,7.791,3.69,21.11,60.72,4702,8,Normal
56.25,3.13,5.19,21.85,31.51,5540,7,Normal
64.64,4.304,4.26,19.72,42.93,1523,5,Normal
50.04,0.893,4.54,16.14,46.64,8251,5,Normal
74.36,3.488,3.48,14.55,45.43,300,5,Attention
56.54,1.316,5.85,22.07,50.22,2582,3,Normal
43.34,1.817,4.75,15.69,28.74,4161,14,Normal
66.87,2.774,4.63,13.05,39.14,1341,11,Normal
74.25,3.345,3.13,25.16,30.29,7052,4,Attention
72.41,1.111,4.85,17.97,56.46,1612,12,Normal
78.0,5.46,7.59,21.0,24.72,690,9,Attention
68.93,1.719,5.78,18.7,15.95,5829,9,Attention
71.56,2.885,5.06,18.8,43.61,3674,5,Normal
69.56,0.801,6.59,17.85,50.85,5013,7,Normal
71.69,1.475,4.85,22.72,60.82,6760,4,Normal
71.55,3.038,5.39,21.51,32.44,7107,5,Attention
72.82,4.649,6.72,21.94,47.86,4592,5,Attention
38.51,2.838,4.68,18.66,52.51,8524,6,Normal
54.63,1.757,3.85,13.23,42.99,9458,7,Normal
47.24,3.413,6.07,18.33,31.13,337,11,Normal
71.45,0.844,4.77,24.02,47.07,4174,8,Attention
69.37,2.741,3.22,11.99,50.53,8473,6,Attention
68.52,2.821,6.75,20.48,43.14,9871,8,Attention
53.21,2.652,6.38,16.41,39.4,8279,2,Normal
81.04,2.312,3.94,12.78,19.63,4262,5,Attention
49.39,2.276,4.54,19.09,41.79,1539,8,Normal
70.84,1.552,4.91,19.04,39.89,2724,5,Normal
72.16,0.894,3.33,16.46,50.17,6570,2,Attention
73.58,2.113,6.23,21.45,43.38,5450,12,Normal
76.62,1.868,4.61,18.81,41.34,7671,3,Normal
78.07,1.026,6.73,15.4,38.06,817,5,Normal
63.96,1.738,3.96,17.25,42.17,973,1,Normal
55.25,2.619,4.24,24.26,44.53,7025,5,Normal
59.78,5.761,5.13,17.98,54.57,4965,14,Attention
66.12,3.343,6.19,23.3,33.62,5364,10,Attention
48.96,2.502,8.73,7.24,46.11,9277,4,Normal
49.86,3.366,6.28,15.37,37.39,5484,7,Normal
67.1,2.48,4.55,12.91,45.98,3249,6,Normal
61.62,4.379,6.31,23.57,43.22,5331,11,Attention
68.54,2.435,4.42,19.64,44.86,6642,4,Normal
66.31,1.485,3.68,15.44,34.37,5930,13,Attention
77.38,1.557,5.73,13.82,55.11,8469,5,Attention
69.11,3.481,4.41,14.91,48.56,3894,7,Attention
62.14,1.987,4.29,16.4,52.58,2633,1,Normal
57.14,2.438,5.34,22.26,29.3,3410,9,Normal
70.6,3.221,5.96,19.7,37.0,8160,8,Attention
64.12,1.928,4.17,5.0,52.34,6708,9,Normal
57.49,3.64,4.24,17.89,37.41,478,9,Normal
68.15,3.377,5.93,23.26,28.05,7601,12,Attention
60.64,5.059,6.7,19.48,38.43,8079,12,Attention
68.15,1.989,7.44,14.98,53.01,5999,10,Normal
62.78,5.138,5.48,14.61,44.18,7152,5,Normal
74.18,1.297,4.5,19.69,49.37,6704,11,Attention
57.55,2.472,7.38,15.85,38.05,1341,9,Normal
64.52,2.794,6.19,10.92,41.78,3213,9,Normal
78.07,1.358,4.72,18.6,56.32,7843,9,Attention
66.92,0.809,5.8,16.86,29.59,5592,7,Normal
93.82,3.454,6.62,16.78,29.36,4661,10,Urgent
46.13,2.111,6.43,15.55,41.05,5596,6,Normal
69.54,3.362,5.18,18.77,32.89,8297,9,Attention
47.7,1.159,4.64,15.88,58.04,9464,7,Normal
56.43,1.051,4.61,14.26,42.44,4667,7,Normal
67.83,2.291,6.5,12.85,23.53,6979,6,Attention
81.84,4.557,4.49,18.23,34.4,4010,11,Attention
80.84,2.373,5.67,24.5,50.55,7141,7,Attention
47.14,1.954,5.78,18.58,36.68,6224,8,Normal
64.07,2.327,7.58,15.26,42.31,9051,4,Normal
66.73,2.663,6.26,19.55,20.7,4861,8,Attention
72.78,1.515,4.16,21.3,57.8,668,3,Normal
79.72,2.781,4.82,19.59,49.62,7465,6,Attention
58.43,3.825,3.46,22.4,45.08,2024,6,Attention
56.95,7.325,5.93,11.53,49.39,7639,7,Normal
47.08,2.176,4.89,16.72,41.83,4281,12,Normal
72.35,3.665,6.31,19.54,38.76,9224,9,Attention
77.48,2.631,6.18,26.39,46.4,8878,9,Attention
52.57,0.953,5.35,23.29,42.15,2342,5,Normal
63.39,0.642,4.4,20.97,40.44,489,6,Normal
64.33,1.692,4.98,17.14,49.54,3967,8,Normal
69.91,1.871,5.82,10.61,53.32,8683,7,Normal
73.9,1.981,5.86,18.67,25.11,8732,9,Urgent
54.49,3.68,4.58,16.17,23.81,2436,7,Attention
68.39,1.175,3.93,20.78,40.15,7805,5,Normal
70.34,5.76,5.57,23.72,52.88,8464,4,Attention
68.82,1.892,6.49,16.8,51.67,1939,8,Normal
58.69,2.485,8.31,14.27,55.86,3338,4,Normal
85.33,1.87,6.34,17.63,35.52,1693,9,Attention
81.03,1.901,8.03,21.26,48.36,4412,5,Attention
60.7,1.593,6.02,29.72,27.76,5638,6,Attention
60.66,2.07,7.22,15.4,34.51,3606,10,Normal
68.96,1.436,4.18,20.96,45.88,4443,12,Attention
80.63,2.169,7.61,19.63,33.93,9192,6,Attention
70.54,3.769,6.0,21.82,25.39,5748,3,Attention
70.2,2.683,6.66,22.74,35.9,7316,9,Normal
69.56,2.528,3.79,13.14,42.48,9703,4,Attention
63.76,2.229,4.03,12.34,32.33,4022,5,Attention
85.79,4.059,8.03,26.0,28.62,1986,6,Attention
98.68,1.603,6.55,21.91,31.14,7845,7,Attention
58.55,2.431,3.99,18.41,32.16,855,5,Normal
68.07,3.189,4.16,18.53,42.97,4033,6,Attention
63.68,2.783,8.18,18.67,42.13,6207,6,Normal
62.63,3.192,4.04,17.04,49.11,1221,6,Normal
66.31,2.318,2.89,21.88,35.31,3388,4,Attention
87.93,1.97,4.44,24.97,40.28,1124,3,Normal
58.38,3.091,7.26,15.91,31.82,5337,8,Normal
64.91,4.259,4.82,21.65,41.86,8175,7,Attention
58.64,4.656,2.41,20.87,23.69,1018,11,Attention
68.06,3.913,6.18,17.02,42.39,513,4,Normal
80.46,1.751,6.65,15.07,50.05,4404,11,Normal
60.95,3.087,4.83,13.59,31.94,7910,8,Attention
84.57,2.188,5.95,16.77,43.56,4374,9,Attention
85.85,2.738,6.66,19.71,45.03,4487,10,Attention
79.73,1.83,6.01,21.28,43.35,5306,7,Attention
75.27,2.319,3.87,21.37,33.77,945,3,Normal
81.81,1.537,5.33,18.58,33.32,2909,5,Attention
88.25,2.429,5.61,19.8,45.16,3346,13,Attention
64.16,2.184,5.52,17.36,34.81,155,8,Normal
62.82,1.762,4.86,13.08,24.55,3343,6,Normal
67.5,2.09,3.23,7.4,23.15,1084,4,Attention
49.83,3.198,5.18,6.06,55.5,6363,5,Normal
80.28,3.397,5.2,19.2,52.19,730,7,Attention
47.94,1.396,5.06,15.06,41.02,5565,2,Normal
59.0,1.449,6.15,24.19,54.91,4200,7,Normal
61.4,3.716,6.25,20.73,40.74,9307,12,Normal
71.09,3.601,3.72,15.0,41.92,5405,6,Attention
65.6,3.658,2.9,18.15,35.86,5883,6,Attention
91.86,3.844,4.52,28.76,49.49,5395,5,Urgent
72.08,3.098,5.09,19.37,41.63,8645,10,Attention
82.05,3.66,5.85,12.94,48.14,731,3,Attention
91.97,2.668,7.67,16.51,55.6,6907,5,Attention
55.08,2.573,4.64,18.28,36.55,9937,10,Attention
61.58,1.949,6.33,24.06,51.18,1011,6,Normal
93.77,0.994,5.47,19.98,43.37,5061,6,Attention
67.43,2.165,4.51,20.62,42.98,1749,9,Attention
55.21,2.025,5.87,16.39,27.93,2621,6,Normal
76.63,2.334,5.55,15.46,43.73,1047,6,Normal
58.89,3.187,4.48,20.55,36.39,6853,5,Normal
75.7,2.203,5.72,13.69,44.67,6572,8,Normal
38.35,1.051,6.49,11.98,36.63,3108,8,Normal
70.16,1.263,5.78,18.09,39.31,9491,7,Normal
60.33,2.091,3.37,18.62,45.04,8539,7,Normal
68.81,1.933,4.56,14.16,53.05,2844,5,Attention
61.02,1.321,5.83,16.09,42.86,6977,4,Normal
81.69,3.024,3.01,17.38,33.64,6230,5,Attention
50.12,1.178,6.83,9.36,45.46,7325,5,Normal
77.29,1.166,6.22,9.77,31.41,9283,8,Attention
61.99,1.312,6.23,18.71,37.78,5361,10,Normal
50.7,2.236,6.08,24.3,40.87,4656,7,Normal
79.41,1.236,7.29,14.19,48.42,2635,7,Normal
77.6,2.079,4.16,21.48,32.97,7445,11,Attention
68.39,5.626,7.27,21.61,45.28,8544,8,Attention
64.67,1.202,3.78,20.49,44.62,4988,6,Attention
67.0,1.727,7.12,16.45,36.78,4876,8,Normal
58.76,5.931,4.39,19.68,25.32,2396,6,Normal
81.13,4.096,6.47,18.8,52.57,1649,5,Attention
80.52,2.649,4.01,16.28,41.7,9375,9,Attention
59.48,1.202,4.7,15.58,33.31,748,6,Normal
83.33,3.03,5.78,24.95,46.11,5116,4,Normal
84.59,2.737,6.91,13.92,30.16,7420,9,Attention
68.48,1.192,6.76,18.88,31.56,3278,3,Normal
68.14,3.727,4.13,16.61,29.17,2243,5,Attention
80.15,1.227,4.07,20.6,46.96,278,6,Normal
96.4,0.758,5.82,21.99,30.16,7721,11,Attention
69.06,3.782,6.3,19.42,43.38,4586,10,Attention
72.46,4.425,4.84,21.18,23.13,7293,7,Attention
72.5,1.319,6.52,19.28,38.52,5474,8,Attention
62.44,1.917,4.1,11.46,33.85,3185,5,Attention
65.21,5.343,4.07,12.78,46.04,9838,10,Attention
67.3,2.031,4.39,26.11,30.95,2869,8,Attention
60.52,2.115,5.42,15.7,44.28,7123,10,Attention
45.75,1.694,3.98,15.11,55.62,7524,7,Normal
79.26,3.453,7.9,22.11,18.66,9976,7,Attention
102.69,2.728,6.23,25.75,17.4,6204,7,Urgent
59.27,1.073,4.2,12.64,63.84,1535,4,Normal
74.79,3.099,5.27,18.57,43.81,838,9,Normal
54.25,2.549,6.34,23.51,34.79,2564,8,Normal
85.77,0.922,3.97,19.36,34.42,1818,8,Attention
86.95,2.601,5.45,18.6,47.91,1422,9,Attention
70.34,1.956,6.56,15.29,43.63,1287,8,Normal
64.25,1.454,5.76,19.22,36.12,1394,5,Normal
81.13,1.5,3.78,11.19,42.23,9281,7,Attention
70.88,3.725,4.34,20.39,40.32,3237,5,Attention
64.39,2.827,4.95,19.97,40.11,272,9,Normal
49.67,3.994,2.8,15.91,37.44,459,2,Normal
48.82,3.829,6.15,5.04,53.07,1598,5,Normal
39.7,1.556,7.05,20.99,50.91,8081,7,Normal
90.25,2.261,6.66,14.02,43.46,7862,7,Attention
71.26,0.887,5.44,11.96,56.98,5212,6,Normal
73.86,7.083,6.41,19.95,45.89,1403,2,Attention
89.04,2.11,5.3,25.19,45.6,78,10,Attention
82.24,2.599,6.48,13.1,47.05,4770,10,Normal
75.6,1.989,5.24,13.88,32.18,2155,9,Normal
86.56,2.057,5.49,20.28,34.26,2363,7,Attention
49.18,2.597,4.91,8.23,45.85,8399,7,Normal
69.37,3.285,3.86,14.69,47.77,2368,8,Attention
76.11,4.198,5.3,11.44,47.23,9669,8,Attention
75.51,2.663,6.36,18.86,63.92,7973,8,Attention
70.17,1.557,5.53,22.44,34.76,8575,5,Normal
69.54,5.859,6.39,15.9,47.53,7459,10,Attention
80.1,3.299,7.04,21.99,35.48,8831,4,Attention
64.89,1.622,4.21,18.12,42.57,9705,4,Normal
83.8,1.534,4.46,22.1,35.2,5521,7,Attention
67.1,1.702,5.93,13.91,42.17,5396,5,Normal
78.66,2.369,3.88,17.36,46.85,1038,6,Attention
56.2,1.715,5.95,15.27,43.55,5434,7,Normal
63.7,6.146,3.56,13.04,45.87,2153,11,Attention
67.32,5.572,5.02,17.21,45.85,7328,8,Attention
47.92,1.82,3.97,18.74,46.67,6838,6,Normal
66.52,2.76,3.32,15.64,32.58,4763,7,Attention
69.68,2.558,5.99,24.81,29.86,8711,4,Attention
55.42,4.329,5.06,20.72,26.31,7878,7,Normal
68.68,2.509,6.78,19.75,32.74,5924,6,Attention
55.58,1.339,3.81,15.64,30.13,5051,5,Normal
73.34,1.467,6.19,24.3,32.78,8804,6,Attention
67.92,2.595,6.22,13.07,35.86,8143,9,Attention
75.71,2.772,7.24,20.43,23.7,9179,8,Attention
55.19,1.715,4.54,23.16,43.16,1651,4,Normal
66.49,0.692,3.65,9.48,37.78,4737,12,Normal
82.08,1.823,3.31,17.57,37.23,4638,9,Attention
82.04,2.128,7.38,26.84,44.49,3243,6,Attention
70.87,1.016,6.24,18.88,47.47,8582,9,Attention
56.49,2.001,6.04,19.35,31.2,5251,7,Normal
69.53,1.106,7.5,22.2,37.8,1780,8,Normal
78.84,2.619,5.95,17.92,48.3,5565,3,Attention
77.06,3.649,3.89,13.05,46.59,8010,10,Attention
70.46,2.318,5.82,18.76,42.42,963,4,Normal
63.17,2.265,6.2,12.49,46.24,6640,11,Normal
62.93,1.681,5.73,24.07,41.94,6235,11,Normal
88.06,4.368,7.22,13.3,29.42,2749,5,Attention
77.3,1.687,4.48,16.21,48.24,1190,1,Normal
70.33,0.975,8.36,14.8,34.45,5581,10,Attention
68.96,1.37,6.48,17.58,42.28,7421,9,Normal
51.12,2.535,5.41,13.36,46.23,3556,9,Normal
61.49,2.592,4.15,23.31,44.08,313,5,Attention
70.2,1.094,4.4,20.02,47.01,4561,6,Normal
70.03,3.51,4.38,12.9,32.75,7134,10,Attention
50.83,1.317,4.76,20.91,42.92,210,9,Normal
50.66,3.908,5.82,13.66,48.02,713,7,Normal
56.01,7.921,5.2,12.87,29.93,6572,7,Normal
72.61,1.477,6.03,19.77,54.66,4262,4,Normal
69.09,2.597,4.45,19.83,33.52,6385,7,Attention
64.97,3.592,5.7,18.91,60.75,6904,9,Attention
79.11,1.513,5.29,18.53,48.54,6227,7,Attention
66.61,1.728,4.22,19.91,47.03,5171,7,Normal
72.23,1.321,6.12,23.92,51.68,8944,15,Attention
79.41,2.806,4.99,14.25,36.78,2166,12,Attention
40.19,1.463,4.15,15.39,39.92,3990,10,Normal
70.59,2.274,5.85,26.59,47.03,6803,9,Attention
69.58,1.749,7.25,22.77,36.56,5767,8,Normal
58.12,1.301,6.56,21.97,40.61,9827,8,Normal
77.31,2.501,4.62,19.58,43.45,2462,5,Attention
83.45,2.603,4.54,12.37,29.32,7400,6,Attention
63.95,3.754,3.97,16.9,40.92,6081,7,Attention
93.51,3.289,3.69,13.37,40.65,6741,6,Urgent
65.97,1.416,4.75,15.8,46.59,7171,5,Normal
63.84,2.562,6.66,15.59,42.21,7099,10,Normal
78.64,2.467,4.43,11.75,58.05,3625,4,Attention
61.21,1.178,5.6,19.26,52.08,623,5,Normal
78.36,1.599,6.46,18.04,40.63,2704,10,Attention
52.96,1.72,5.97,13.45,35.86,9471,6,Normal
90.08,5.442,4.86,21.13,25.7,2931,8,Urgent
66.88,2.348,4.01,21.73,31.18,2672,9,Attention
69.27,1.745,5.0,17.9,51.83,5974,2,Normal
68.49,1.2,5.73,26.4,30.89,666,10,Attention
73.83,1.781,5.36,8.41,35.31,8748,8,Normal
50.93,3.683,5.94,18.74,33.98,2029,6,Normal
48.32,2.048,6.23,15.23,50.15,9999,4,Normal
59.71,1.019,6.8,15.5,38.15,9881,12,Normal
58.79,1.192,6.88,16.42,44.63,6163,4,Normal
55.08,1.092,4.58,16.83,34.29,429,9,Normal
67.31,3.009,7.14,13.09,48.86,8743,7,Normal
43.78,1.128,2.19,16.68,55.55,4754,5,Normal
84.15,3.654,7.74,22.16,48.1,2616,4,Attention
64.57,4.772,4.14,19.89,35.46,9033,7,Attention
72.45,1.131,5.14,13.77,34.17,1761,7,Normal
66.95,1.557,4.72,10.98,52.81,5492,6,Normal
79.15,3.972,6.25,18.43,50.46,6443,7,Attention
85.72,2.436,3.53,16.35,31.11,374,5,Attention
70.21,1.257,5.72,17.05,49.28,2061,5,Normal
56.36,2.421,5.16,19.68,42.96,8013,11,Normal
72.41,4.812,5.02,14.15,34.7,7025,5,Attention
73.46,1.287,6.04,16.86,52.94,7142,10,Normal
48.24,1.703,7.32,17.3,46.49,4513,7,Normal
83.93,2.454,5.56,20.58,41.88,9904,3,Attention
47.58,3.318,3.89,18.19,37.38,4424,8,Normal
64.91,1.11,6.95,19.96,49.74,940,5,Normal
70.06,2.38,4.95,19.41,65.69,8862,5,Normal
67.65,1.208,5.72,19.5,39.88,6747,3,Normal
59.02,2.587,5.34,13.35,43.98,3506,5,Normal
77.95,1.085,7.5,19.9,33.25,8046,4,Normal
72.12,3.382,5.7,22.6,41.15,5420,2,Attention
77.05,1.869,6.87,15.7,50.52,8827,8,Attention
76.39,2.385,5.05,27.33,45.41,9130,9,Attention
74.25,2.368,6.15,16.11,46.8,6233,4,Normal
76.79,1.042,5.88,11.82,73.75,3386,3,Normal
63.33,4.9,6.49,11.45,43.41,230,11,Attention
47.93,1.624,5.89,12.38,44.07,486,7,Normal
69.17,1.809,5.08,21.77,44.0,6334,10,Attention
63.3,1.272,7.1,18.88,38.83,5678,5,Normal
85.2,1.813,6.22,20.84,46.71,3065,6,Attention
66.24,0.466,5.66,20.81,40.37,1911,4,Normal
60.13,2.589,6.77,9.68,28.24,3852,7,Normal
89.22,2.924,4.59,18.16,45.53,1091,9,Attention
62.15,2.593,6.28,21.24,67.81,8455,4,Normal
79.53,1.877,6.12,20.0,56.25,8751,11,Attention
76.55,2.879,6.16,16.99,51.24,6036,3,Normal
69.58,1.549,6.82,16.58,60.96,6686,9,Attention
78.34,2.783,4.89,21.92,42.79,655,5,Attention
65.11,1.804,5.56,18.15,38.6,7821,9,Attention
68.45,1.755,5.13,27.54,41.5,1679,7,Normal
74.78,1.929,6.46,17.26,36.38,7629,7,Attention
58.54,3.95,4.71,22.59,46.88,1376,7,Normal
53.36,5.122,4.49,15.56,58.7,8023,5,Normal
71.99,2.196,5.56,16.83,28.82,9157,7,Attention
52.62,2.113,3.87,13.67,49.76,229,5,Normal
77.12,1.366,6.04,14.76,47.66,9123,10,Attention
78.39,1.342,5.28,23.63,53.61,1985,12,Attention
66.89,1.906,5.91,19.21,58.75,2378,7,Normal
79.07,2.336,5.46,27.45,32.31,3669,9,Attention
65.54,1.557,4.16,21.56,46.18,3264,9,Normal
60.43,3.275,2.2,13.99,31.99,6297,7,Attention
35.35,1.782,6.62,11.05,52.17,4560,10,Normal
57.8,1.499,4.74,15.42,49.49,7334,10,Normal
40.55,10.764,4.39,19.88,50.67,2480,4,Normal
65.3,1.027,4.24,14.05,42.99,4123,8,Normal
82.42,3.643,5.54,10.78,33.21,4240,4,Attention
65.8,2.853,5.33,10.51,40.59,9924,6,Normal
66.14,1.534,5.92,21.6,36.32,1315,9,Normal
70.92,2.095,7.02,16.19,39.52,58,7,Normal
69.61,2.725,5.35,20.11,70.71,34,3,Normal
61.79,2.588,5.17,15.37,46.21,3949,12,Normal
62.92,1.549,6.07,16.69,60.76,5346,6,Normal
53.72,0.795,6.04,20.35,33.13,2200,6,Normal
98.61,3.73,4.01,17.3,51.0,5345,15,Urgent
61.61,1.167,5.31,9.96,37.68,67,4,Normal
52.77,1.298,4.93,19.14,44.8,2843,6,Normal
69.59,1.76,6.69,18.6,34.68,7384,7,Attention
66.33,4.122,6.74,19.09,53.27,9307,10,Normal
75.51,1.288,4.57,11.82,52.86,7224,5,Normal
61.53,2.609,3.5,20.58,46.87,9998,12,Attention
80.27,1.205,7.42,16.48,31.92,9687,4,Attention
61.02,2.317,3.91,17.78,29.97,8700,10,Attention
80.76,2.039,2.74,20.33,46.23,3569,3,Urgent
45.27,1.43,6.8,14.68,36.09,6150,11,Normal
53.24,2.613,3.65,22.73,43.47,1279,5,Normal
62.08,2.401,8.19,20.88,50.2,3652,9,Normal
69.34,1.75,4.62,17.59,41.38,3143,15,Attention
68.93,2.764,5.33,22.04,49.58,9509,8,Attention
60.6,3.57,5.13,17.13,41.57,5078,4,Normal
59.89,2.199,5.72,15.65,26.77,9787,8,Normal
45.36,1.581,4.67,18.35,45.75,7912,10,Normal
80.5,2.361,6.55,14.91,46.67,1769,10,Attention
75.79,1.41,2.67,11.84,39.19,891,9,Normal
63.09,2.109,5.16,16.17,24.79,6969,4,Normal
81.48,1.644,5.18,25.78,42.13,6407,9,Attention
81.46,2.059,6.71,22.34,32.11,2329,11,Attention
71.7,1.368,6.56,17.57,44.78,8629,10,Attention
82.55,1.587,6.6,16.63,33.26,1998,7,Normal
73.78,1.765,5.52,11.88,35.12,6845,8,Attention
60.74,1.647,4.75,23.24,41.11,334,5,Normal
58.83,2.082,7.04,17.01,53.68,5078,10,Normal
72.25,5.163,4.58,23.38,57.37,965,7,Attention
64.83,2.067,3.43,13.15,46.39,2939,7,Normal
66.61,1.73,4.47,13.34,48.38,4443,6,Normal
74.94,0.931,6.43,15.6,33.57,3748,10,Normal
72.32,4.31,4.68,16.59,43.16,5647,6,Attention
57.95,4.534,3.19,16.02,40.21,5174,9,Normal
82.0,3.554,3.18,17.0,54.57,2768,3,Urgent
70.35,1.661,5.34,22.67,55.77,6370,6,Attention
73.34,1.744,6.35,14.22,28.0,9759,6,Attention
72.46,3.272,6.29,18.53,39.68,6590,7,Normal
58.49,2.197,5.5,12.85,31.99,8924,4,Normal
69.48,2.587,5.92,14.53,50.77,99,9,Normal
59.81,2.135,5.95,19.59,48.17,8471,4,Normal
74.24,1.601,6.48,15.89,49.18,6916,7,Normal
77.9,2.971,2.88,18.8,46.72,944,7,Attention
57.27,2.067,3.96,15.05,8.0,6284,6,Attention
59.99,1.842,4.83,16.04,33.48,1226,5,Normal
67.45,3.309,5.88,20.51,43.68,2422,10,Normal
55.05,2.204,3.82,19.59,43.51,1648,7,Normal
70.49,2.863,4.04,15.43,34.3,8862,5,Attention
67.17,1.904,3.65,14.01,38.47,67,4,Attention
58.06,5.716,6.03,16.46,42.8,5802,9,Normal
90.54,2.294,5.34,22.62,39.37,863,3,Attention
83.47,3.12,4.64,17.06,23.78,7119,10,Urgent
71.81,0.878,4.32,13.94,52.55,6334,7,Attention
56.49,2.594,5.41,27.91,53.66,8874,7,Normal
50.68,6.043,5.83,18.76,37.02,9818,4,Normal
68.3,1.692,2.86,29.44,38.27,2568,2,Attention
62.19,2.257,5.36,16.7,23.0,9716,8,Attention
55.52,2.506,5.32,13.44,47.53,4945,11,Normal
86.56,1.846,6.02,15.05,42.85,7869,13,Attention
57.15,2.922,6.91,15.71,58.78,244,6,Normal
81.8,1.801,4.16,17.26,41.5,7602,7,Attention
46.79,3.007,5.65,21.28,35.78,7472,6,Normal
68.68,3.192,6.27,13.16,40.97,9746,6,Attention
89.92,2.655,6.9,20.8,41.28,7308,7,Attention
45.61,1.805,5.69,19.35,55.82,8288,7,Normal
70.78,1.877,7.47,22.39,47.07,5052,8,Attention
78.3,1.81,5.99,17.59,48.57,3572,8,Attention
79.15,3.266,6.39,23.25,49.16,531,8,Normal
84.54,4.56,6.63,21.23,21.14,3283,5,Urgent
76.05,3.114,3.34,15.33,49.13,4952,8,Attention
45.55,2.608,4.83,16.64,29.36,903,6,Normal
65.04,2.023,4.71,22.85,36.0,51,6,Normal
89.95,2.173,5.6,21.03,44.82,384,3,Attention
71.01,2.389,4.12,19.7,40.63,7979,8,Attention
67.98,3.148,6.23,20.35,68.88,8845,3,Normal
88.42,2.024,6.31,19.19,41.7,730,5,Normal
84.07,1.675,4.17,15.16,51.67,4726,3,Attention
57.02,3.038,4.92,21.59,41.41,9809,10,Attention
49.55,1.669,6.29,24.96,61.01,7582,7,Normal
71.88,2.097,5.24,22.1,49.26,5213,5,Attention
49.43,2.49,5.89,16.1,24.98,1520,11,Normal
61.19,3.348,4.23,11.67,58.22,2308,9,Normal
51.63,0.889,6.81,19.45,45.59,626,6,Normal
86.37,2.163,4.96,13.05,39.47,7282,9,Attention
80.03,2.813,5.8,17.7,54.24,8688,8,Attention
77.62,0.866,8.32,15.41,31.95,7788,5,Attention
54.53,2.951,5.96,18.35,44.24,9472,2,Normal
57.66,1.634,6.27,23.04,43.01,8768,7,Normal
78.71,1.283,3.17,17.1,28.78,4496,4,Attention
75.56,1.953,7.83,21.39,43.45,7358,2,Attention
76.64,1.397,4.72,20.2,40.76,8534,7,Attention
51.35,2.376,5.49,17.22,38.14,8454,6,Normal
67.93,2.247,5.49,29.47,57.2,6932,7,Normal
52.81,2.34,4.75,17.99,45.29,6460,9,Normal
52.2,2.93,6.25,14.18,51.3,1375,6,Normal
56.09,1.248,2.71,14.81,46.98,4052,14,Normal
82.5,1.019,5.48,16.22,60.6,9222,4,Attention
56.84,1.462,5.48,15.09,37.86,9239,8,Normal
71.42,1.912,5.09,24.15,53.8,2484,10,Normal
78.26,2.238,5.89,12.4,54.03,9272,9,Attention
65.29,0.953,5.53,14.72,52.65,8244,6,Normal
64.76,2.183,4.56,17.05,32.39,7629,10,Normal
48.39,2.964,2.79,21.82,41.13,3624,8,Normal
72.36,1.506,3.49,18.5,45.92,7394,8,Attention
77.94,1.401,3.59,23.51,42.76,7371,5,Attention
65.19,3.91,5.79,13.77,31.44,7153,10,Attention
67.54,3.476,6.97,14.29,39.91,1182,11,Normal
69.57,2.38,4.66,15.74,55.36,4666,7,Attention
86.87,3.318,5.61,13.0,33.86,9398,11,Urgent
78.04,2.162,5.7,20.36,58.74,9361,6,Attention
73.91,2.289,6.31,13.74,28.72,9472,5,Attention
71.67,2.732,4.78,17.71,35.98,1794,9,Attention
61.42,3.801,3.8,21.37,42.93,5797,5,Normal
85.47,2.893,6.38,22.09,50.61,5588,8,Attention
58.33,2.105,2.88,10.73,28.87,3123,11,Attention
71.17,1.274,4.68,9.75,30.42,1519,6,Normal
68.24,2.029,2.5,22.85,30.54,5338,8,Attention
77.24,1.905,6.6,16.39,42.53,7176,2,Attention
64.12,2.097,4.88,20.85,23.24,8196,5,Normal
67.28,2.464,4.53,24.42,36.2,5815,9,Attention
73.02,2.074,5.63,19.02,41.32,4188,10,Normal
66.32,2.665,5.22,21.93,64.78,7303,3,Attention
84.71,1.354,5.46,13.72,24.98,2649,5,Attention
68.72,1.342,4.22,16.43,34.01,8809,7,Normal
80.09,1.438,6.6,19.06,37.94,1005,7,Attention
83.02,0.941,4.26,16.53,41.6,7275,3,Attention
81.28,3.617,3.62,19.26,22.27,5277,8,Urgent
47.02,1.641,4.97,14.27,59.79,2862,11,Normal
68.75,2.26,5.35,12.49,43.28,3949,8,Normal
71.96,1.387,6.0,23.37,58.02,3698,9,Normal
92.3,1.371,5.84,8.33,29.96,3260,4,Attention
95.14,2.242,7.33,14.77,32.92,7324,7,Attention
93.11,3.602,4.51,12.95,45.53,2229,10,Attention
74.62,2.854,6.27,12.36,52.5,351,5,Normal
54.53,0.807,6.3,19.42,32.17,4860,5,Normal
80.01,0.95,6.88,16.77,42.93,5096,3,Normal
65.7,3.276,6.76,15.36,33.13,5737,5,Normal
58.3,2.192,3.83,14.85,34.11,1975,3,Normal
83.54,1.562,4.24,23.84,48.0,5565,3,Attention
88.68,1.538,5.82,16.82,46.55,3287,9,Attention
61.46,3.316,7.21,22.54,39.47,9458,7,Attention
69.34,2.487,7.86,14.98,24.63,9479,7,Attention
65.32,2.664,5.16,14.59,28.01,3770,9,Normal
38.31,2.424,5.19,17.64,41.16,2653,9,Normal
70.42,2.48,5.57,17.11,44.79,6697,8,Attention
48.51,0.947,6.64,15.91,64.0,8459,5,Normal
67.3,2.765,6.72,20.78,24.98,1880,6,Normal
74.52,3.399,6.4,16.59,57.71,2800,9,Attention
87.35,2.307,6.69,18.27,48.18,6373,5,Attention
71.28,3.9,6.44,17.83,31.85,3338,10,Attention
67.73,1.419,5.32,21.92,35.39,1497,11,Normal
68.9,5.346,5.34,27.42,61.11,672,7,Normal
79.63,1.846,6.26,17.73,45.05,8371,9,Attention
26.16,1.205,5.99,16.72,37.75,1551,7,Normal
73.85,2.189,5.17,20.42,43.23,7888,5,Normal
73.02,6.454,6.95,13.98,39.67,5777,5,Attention
55.07,1.49,6.26,20.86,36.76,9613,8,Normal
78.34,2.453,3.75,19.03,33.8,979,4,Attention
77.28,1.888,7.19,18.47,39.67,3508,12,Attention
47.19,1.516,6.53,11.75,54.73,3546,6,Normal
65.72,2.938,4.97,22.12,43.12,7240,8,Attention
64.18,2.089,7.14,20.17,29.41,2836,11,Attention
64.77,2.123,4.13,16.08,44.54,4700,5,Attention
41.69,1.474,5.63,21.22,40.86,6616,5,Normal
61.0,1.83,6.49,18.92,23.37,1713,4,Normal
68.57,2.083,5.3,14.94,48.73,4683,8,Attention
59.03,1.396,4.6,13.75,41.29,8100,6,Normal
67.37,2.252,6.85,22.31,45.75,875,8,Normal
66.69,4.451,4.95,23.27,38.02,303,10,Attention
61.44,3.228,4.61,24.64,29.5,2082,7,Normal
50.37,3.383,4.27,28.07,44.55,9040,10,Attention
69.45,2.589,6.77,18.6,35.8,465,3,Normal
76.66,1.215,4.96,14.54,50.51,4852,9,Attention
80.58,2.465,3.95,21.02,35.16,571,9,Attention
80.01,2.281,4.37,19.0,56.67,3083,4,Attention
53.2,2.953,4.16,16.3,39.86,2942,7,Normal
73.0,2.878,4.01,17.43,49.32,3253,8,Attention
49.93,0.697,4.23,18.1,45.22,862,7,Normal
66.01,2.238,3.37,12.92,44.31,857,11,Attention
82.31,2.297,2.29,19.31,41.22,1903,5,Attention
56.04,2.08,3.8,17.14,48.87,6234,10,Attention
56.32,1.331,7.51,19.58,45.48,8650,4,Normal
55.51,1.904,6.5,22.99,46.33,5181,8,Normal
52.84,3.231,2.99,18.46,33.21,7123,5,Attention
76.61,2.103,6.76,17.98,42.3,6241,8,Attention
38.72,2.062,6.43,26.29,43.54,2420,9,Normal
64.44,0.936,4.79,17.46,58.78,3432,5,Normal
79.18,2.013,5.88,18.84,41.98,2724,11,Attention
59.25,4.307,5.86,21.6,32.6,7944,4,Normal
86.39,3.052,5.18,14.27,45.99,1664,9,Attention
86.87,2.364,6.41,15.55,33.95,9895,6,Attention
62.68,2.359,6.44,14.28,44.96,9607,5,Normal
79.22,4.587,5.62,22.42,41.42,6188,4,Attention
87.98,3.445,5.98,11.28,35.9,5265,7,Attention
90.45,4.685,2.97,13.89,49.36,3109,6,Urgent
67.46,1.934,5.34,13.24,34.39,7845,8,Attention
67.68,4.521,6.04,15.12,54.92,1281,4,Normal
73.31,4.126,6.87,12.79,31.9,414,4,Attention
63.3,1.796,7.25,24.07,49.08,3389,4,Normal
62.73,2.609,4.77,18.22,46.03,8644,11,Normal
62.62,1.689,5.82,10.83,39.02,4438,8,Normal
70.06,2.647,4.39,14.98,41.48,4402,6,Attention
90.97,1.438,3.87,11.97,51.43,7997,9,Attention
70.26,2.466,8.31,18.17,52.89,1608,4,Attention
57.51,2.51,5.77,20.08,37.63,280,2,Normal
81.51,2.588,5.72,15.8,43.92,6717,6,Attention
65.47,1.107,5.87,15.74,35.37,1110,9,Normal
77.51,5.234,5.4,17.15,56.34,9527,5,Urgent
60.32,2.148,6.49,20.4,35.04,4855,13,Normal
73.29,2.021,6.46,22.32,39.5,2060,7,Attention
63.77,2.459,4.66,24.7,49.47,5244,9,Normal
69.57,1.284,6.16,17.84,33.82,3527,2,Normal
53.55,6.04,4.24,14.31,27.69,2969,4,Normal
76.25,4.459,6.56,20.57,45.78,6837,7,Urgent
81.91,2.933,5.85,21.9,29.13,6536,5,Attention
62.75,1.711,4.25,12.48,33.59,9631,3,Attention
62.58,1.77,4.2,16.98,34.87,349,5,Normal
84.52,1.853,4.77,17.65,42.55,9512,10,Attention
30.71,1.021,5.84,25.52,50.36,5772,4,Normal
96.53,1.201,5.82,15.34,51.85,718,7,Normal
76.64,2.367,4.35,18.98,56.41,2362,1,Normal
71.59,1.238,5.48,9.24,29.19,9470,6,Attention
64.7,2.568,4.75,11.31,40.18,547,5,Normal
81.52,3.586,5.69,16.61,40.38,2832,12,Attention
68.54,3.202,6.35,17.13,49.83,1935,9,Normal
65.36,2.796,5.11,21.83,27.69,8352,6,Attention
74.36,2.233,4.25,24.46,43.56,3857,5,Attention
66.69,1.31,6.43,19.14,34.55,7518,9,Attention
66.13,1.761,7.72,14.93,44.88,7532,4,Normal
56.89,4.991,5.57,11.93,50.25,2572,9,Normal
56.91,2.434,4.3,29.22,48.17,8483,10,Attention
43.84,5.947,5.9,18.14,32.45,3398,6,Normal
57.64,2.968,5.65,17.29,44.51,2985,10,Normal
60.92,3.294,5.73,16.81,31.28,9678,7,Attention
68.82,2.912,4.92,15.51,53.06,1383,9,Normal
70.44,1.603,6.78,21.38,30.87,5005,13,Attention
71.94,2.88,7.44,17.85,26.83,8435,4,Attention
57.56,2.53,4.49,24.58,50.12,1097,7,Normal
78.53,6.773,4.38,18.42,39.01,3163,6,Attention
80.27,3.316,4.95,18.57,31.89,7052,9,Attention
74.88,4.405,5.42,16.2,41.41,689,6,Normal
46.86,0.897,5.64,8.15,40.5,7104,12,Normal
72.04,2.882,5.07,23.4,31.43,718,9,Normal
37.46,1.108,6.35,17.08,25.92,8860,9,Normal
60.73,1.718,5.67,17.1,38.77,4547,2,Normal
71.29,1.9,3.88,15.58,36.02,3218,8,Attention
65.01,1.869,5.73,19.36,57.75,7834,6,Normal
64.71,2.999,6.78,12.04,30.76,2202,15,Normal
56.37,3.425,8.45,24.25,37.16,3429,7,Normal
67.17,2.083,4.52,18.32,45.01,4670,9,Normal
75.38,1.878,5.54,13.62,52.51,6417,9,Attention
71.03,1.132,5.63,18.56,31.72,2723,4,Normal
69.35,2.221,6.37,22.8,37.06,7922,7,Attention
63.14,2.082,6.02,18.45,53.8,183,10,Normal
57.81,2.627,4.07,17.65,39.58,3109,6,Normal
72.43,1.259,6.47,20.99,28.0,8117,5,Attention
62.27,4.117,5.97,26.16,21.81,7307,6,Attention
69.95,2.414,5.64,15.83,29.16,5841,7,Normal
51.18,1.217,4.54,15.53,50.4,8302,4,Normal
67.68,2.723,5.6,11.31,51.21,3024,6,Normal
57.26,4.209,6.49,28.02,47.21,4759,5,Normal
82.16,3.63,5.14,22.12,32.01,5131,4,Attention
67.0,1.087,4.71,18.6,22.5,5615,5,Normal
68.87,2.191,7.01,14.16,46.44,9548,6,Attention
68.33,1.547,5.0,13.12,65.16,9584,8,Attention
67.96,3.627,7.59,29.09,15.18,9722,5,Attention
81.21,1.183,7.2,6.77,49.53,1337,13,Normal
77.28,1.645,5.68,14.86,48.67,9752,5,Attention
64.7,1.614,5.29,18.97,56.31,1384,12,Normal
41.82,2.534,6.03,14.96,55.34,73,6,Normal
90.44,2.05,7.19,18.1,43.47,5222,7,Attention
76.06,1.505,5.3,19.66,32.55,9561,7,Attention
75.05,4.439,8.33,15.48,53.67,5511,4,Attention
86.76,2.689,6.89,17.51,30.93,7732,10,Attention
65.05,8.203,3.5,18.7,45.14,6615,5,Attention
38.33,3.78,6.22,15.86,41.38,1913,7,Normal
57.81,2.534,6.75,13.66,67.03,9698,2,Normal
56.93,4.82,6.91,26.08,51.33,9100,6,Normal
73.78,1.276,4.53,17.76,35.72,2536,12,Attention
74.8,2.083,4.7,20.47,29.31,7319,6,Attention
54.98,1.224,7.25,20.3,54.45,9825,4,Normal
77.42,1.973,6.1,22.5,42.71,2281,4,Normal
70.58,2.252,4.48,19.13,45.47,8302,6,Attention
81.03,1.741,4.63,14.71,37.89,1624,8,Attention
63.82,3.193,6.65,22.96,69.88,9312,12,Attention
61.14,1.694,3.94,16.73,44.93,2568,4,Normal
73.04,2.087,5.88,16.61,53.57,751,6,Attention
68.48,2.618,5.31,19.54,38.34,3598,13,Normal
56.2,1.042,4.98,23.48,42.34,1363,5,Normal
48.5,1.816,5.17,18.35,40.44,8206,8,Normal
64.36,1.431,5.37,19.58,51.67,3164,10,Normal
79.02,0.702,4.95,22.74,35.43,2912,5,Attention
72.95,1.257,6.36,21.38,43.33,2105,7,Normal
73.15,0.864,1.75,15.12,48.62,6587,6,Attention
60.38,1.603,4.96,20.65,32.68,3116,7,Normal
73.27,4.801,6.04,23.07,34.84,4845,9,Attention
55.66,5.547,5.81,25.75,14.66,3642,8,Attention
86.57,3.899,4.76,15.52,42.75,3187,8,Urgent
48.91,1.706,7.46,23.7,52.06,6524,8,Normal
60.31,3.117,6.96,18.63,35.6,3665,7,Normal
70.29,1.167,6.07,17.45,38.9,4776,4,Normal
82.82,1.866,5.2,15.54,56.53,2399,8,Attention
52.38,5.12,7.74,16.05,42.19,1810,5,Normal
70.62,2.881,5.35,13.56,49.95,3370,7,Normal
34.07,2.899,3.37,12.25,46.38,8777,5,Normal
69.87,1.23,5.73,13.46,50.02,2427,8,Normal
62.22,1.442,6.35,15.48,45.3,2910,4,Normal
69.49,2.714,3.81,23.65,37.05,3759,6,Attention
76.74,2.87,4.87,20.07,58.66,870,6,Attention
57.46,1.376,4.46,10.65,51.44,1181,11,Normal
67.33,3.546,4.34,23.6,46.55,8661,8,Attention
48.8,2.08,5.89,16.39,53.97,2307,6,Normal
53.97,3.151,5.52,10.11,67.2,776,7,Normal
73.16,2.127,5.59,22.92,35.39,9940,8,Attention
54.02,1.978,4.23,6.1,32.03,518,5,Normal
54.0,2.729,6.51,13.93,33.5,3893,5,Normal
49.34,5.152,5.34,16.62,45.8,5919,10,Normal
77.82,0.941,5.99,13.54,46.22,9087,6,Attention
53.99,1.393,4.93,27.72,38.96,2134,8,Normal
55.94,1.356,5.02,18.94,36.27,6128,4,Normal
70.89,2.874,4.24,21.2,42.0,387,7,Attention
69.48,1.263,4.76,15.32,45.76,4192,9,Normal
98.23,2.872,3.53,17.81,49.91,5558,6,Urgent
42.22,2.148,4.62,15.87,41.34,4497,4,Normal
57.07,2.775,6.38,16.16,39.26,4211,4,Normal
71.9,3.488,4.87,15.93,44.5,2400,6,Normal
62.38,1.456,6.65,25.73,47.52,4286,13,Normal
51.51,3.076,5.68,16.68,42.8,75,8,Normal
79.26,3.692,5.75,18.62,58.34,2976,14,Attention
69.82,3.435,6.01,16.94,55.9,1096,5,Normal
59.86,1.192,5.66,20.54,51.46,6316,3,Normal
69.01,2.16,6.51,17.34,55.45,2839,6,Normal
59.72,2.21,6.58,20.31,36.94,8983,5,Attention
52.31,3.942,4.75,22.4,32.24,7710,8,Normal
73.03,1.965,6.86,22.08,47.94,1318,6,Normal
69.9,2.195,5.21,22.7,45.6,1040,5,Normal
72.14,4.659,4.82,10.74,49.09,8280,8,Attention
42.85,1.783,4.22,27.67,33.55,1189,8,Normal
57.0,3.718,5.06,24.24,31.44,8469,7,Normal
75.56,1.41,3.9,15.73,28.41,8853,5,Attention
76.51,1.191,5.17,16.68,31.43,6305,7,Normal
61.5,4.938,3.56,20.37,43.68,8757,11,Attention
60.47,2.688,5.74,20.31,23.12,2720,5,Normal
68.43,5.14,5.18,20.86,16.22,8841,8,Urgent
86.76,2.036,5.91,20.79,37.14,8791,11,Urgent
79.18,1.42,5.64,10.73,40.88,379,7,Attention
87.89,4.654,5.72,18.91,54.51,9380,7,Urgent
89.47,1.518,6.02,12.48,30.96,2490,12,Attention
60.56,2.33,5.24,15.41,48.28,8961,7,Attention
60.94,0.958,5.01,19.85,56.02,1862,5,Normal
70.03,2.364,4.1,19.96,53.57,7234,4,Normal
78.66,1.44,6.88,23.1,49.36,1193,12,Attention
62.58,1.988,6.18,15.27,40.84,6272,4,Normal
79.66,2.006,4.8,20.16,52.32,8742,8,Attention
46.6,3.838,4.23,16.1,44.67,7252,8,Normal
62.54,1.754,6.06,22.17,30.03,4974,5,Normal
84.31,2.356,6.02,12.7,42.81,5868,6,Attention
83.15,2.332,7.16,13.43,28.18,2028,6,Attention
67.0,1.763,4.34,21.09,35.53,851,6,Normal
83.48,3.645,5.09,15.18,24.27,6311,8,Urgent
63.91,2.383,6.47,14.9,42.59,6865,9,Normal
64.86,1.42,4.54,21.73,54.78,7996,5,Normal
74.66,1.099,3.58,12.29,37.68,1527,9,Attention
60.83,1.379,3.95,18.74,34.49,8822,6,Normal
50.03,2.716,4.56,20.45,43.91,8094,10,Normal
65.74,3.244,4.59,15.08,48.77,9142,6,Attention
84.88,2.534,7.02,17.87,49.95,5879,5,Attention
73.96,2.231,4.96,16.23,36.89,5337,4,Attention
74.85,1.873,6.39,19.09,42.18,4928,9,Attention
69.63,1.569,5.33,17.13,46.98,622,6,Normal
70.44,2.994,6.62,16.18,34.92,2376,12,Normal
81.21,2.068,8.04,21.18,49.37,4550,10,Attention
87.96,2.064,3.62,18.61,28.58,2835,4,Urgent
39.32,1.314,4.03,12.42,29.42,9842,3,Normal
72.53,1.162,7.22,21.01,31.52,2782,4,Normal
74.09,5.159,6.77,20.68,55.88,7897,8,Attention
91.1,2.371,6.35,14.13,38.26,5987,9,Attention
56.04,3.188,4.28,15.06,38.85,4446,11,Normal
76.06,0.927,4.48,23.32,30.97,3933,7,Attention
51.17,2.792,3.07,14.43,34.67,1553,3,Normal
67.36,1.47,6.43,20.93,55.39,9256,9,Attention
49.16,2.774,6.84,14.35,36.99,363,10,Normal
69.63,4.534,6.34,17.01,40.36,959,12,Attention
71.09,6.556,3.99,18.98,57.9,1822,11,Attention
67.63,4.203,6.65,19.13,41.59,3159,13,Attention
73.94,2.841,5.8,16.65,25.13,5501,9,Attention
66.5,1.442,4.15,24.83,32.28,5880,7,Attention
61.25,2.021,6.72,13.39,52.06,941,8,Normal
79.81,1.346,4.6,12.19,28.55,7153,7,Attention
49.48,2.312,3.95,7.12,46.26,2225,10,Normal
70.29,1.342,5.58,20.71,48.49,7481,6,Normal
84.94,4.634,5.91,13.18,52.06,7950,6,Urgent
78.36,1.525,5.5,20.35,43.36,4948,7,Normal
55.87,2.485,6.89,17.73,56.99,7768,7,Normal
67.53,2.468,8.73,23.69,51.92,5520,5,Attention
65.18,1.347,6.02,18.96,58.68,5843,5,Normal
77.51,4.627,5.02,24.41,50.86,1509,6,Attention
74.58,3.016,5.78,16.79,32.07,4562,4,Attention
57.11,2.56,3.68,19.76,52.88,1435,6,Normal
72.01,3.993,6.74,9.4,29.98,6337,5,Attention
64.37,3.09,5.55,19.42,48.65,1428,6,Normal
76.46,3.283,6.09,19.35,52.71,3966,2,Attention
55.75,3.696,6.61,18.4,34.4,7732,5,Normal
85.95,1.127,3.87,21.29,31.53,2045,8,Attention
65.53,1.402,3.67,22.32,58.61,3011,9,Attention
60.73,4.785,6.4,19.34,37.94,3775,8,Normal
76.04,2.137,4.71,21.14,44.88,9959,12,Attention
64.14,1.697,6.97,24.97,43.0,5470,11,Normal
67.08,3.238,5.21,22.76,29.22,7107,7,Attention
65.43,2.586,6.48,19.82,33.86,1037,7,Normal
60.49,2.507,7.18,11.42,50.65,150,5,Normal
67.25,1.781,2.45,22.22,24.82,9331,15,Attention
45.94,0.971,4.76,15.12,34.66,8544,10,Normal
66.71,4.078,3.88,25.49,53.73,5014,5,Attention
75.01,4.538,6.58,18.69,48.67,557,8,Attention
59.05,1.033,4.29,10.8,39.65,9189,5,Normal
66.28,3.169,4.76,16.02,44.92,6662,1,Normal
66.11,2.918,4.4,14.12,41.18,7103,4,Attention
77.35,3.347,4.89,19.46,37.58,6732,8,Attention
62.95,4.618,5.72,22.35,51.15,4224,7,Normal
59.25,1.966,4.38,18.85,41.32,4622,10,Normal
65.81,1.699,4.77,21.6,53.88,6485,7,Attention
81.41,2.374,4.53,18.53,52.2,3751,6,Attention
75.12,2.099,3.97,21.69,47.39,2105,9,Attention
66.85,1.667,5.41,18.4,37.37,4842,5,Normal
74.63,2.254,5.92,14.31,39.66,8063,4,Attention
78.77,3.161,7.35,21.69,48.33,1972,3,Normal
68.02,2.814,6.76,21.41,40.06,1398,8,Normal
79.55,2.455,6.76,17.88,52.99,2798,5,Normal
82.0,1.717,5.5,21.46,43.39,778,4,Normal
77.19,2.682,4.75,22.75,47.32,2753,11,Attention
49.89,2.058,7.31,16.04,34.34,8234,6,Normal
61.78,2.253,5.17,16.59,54.22,7044,4,Attention
64.35,3.121,4.85,15.03,56.83,1157,3,Normal
56.59,2.172,4.78,17.4,31.13,7881,6,Normal
77.35,3.629,3.58,23.54,41.69,1746,6,Attention
76.11,1.252,5.59,22.79,35.54,8815,6,Attention
60.9,0.97,5.01,24.61,39.35,1142,8,Normal
66.29,2.147,5.68,20.4,34.34,290,4,Normal
81.07,2.572,4.53,25.55,65.63,301,9,Attention
71.83,2.749,6.76,17.02,35.43,782,5,Normal
60.99,2.158,5.17,19.21,31.85,7697,9,Attention
79.07,2.088,4.25,13.24,53.61,1465,7,Attention
85.43,2.865,3.44,21.07,33.64,630,9,Urgent
74.16,3.569,5.65,14.67,53.18,2741,2,Normal
70.88,1.341,4.46,16.4,46.14,6154,8,Attention
45.32,1.889,5.87,25.57,42.77,8298,4,Normal
84.23,0.874,6.23,18.31,50.73,2890,4,Attention
71.55,3.141,5.16,16.92,43.89,7243,5,Attention
75.73,2.685,6.54,17.87,28.8,5938,8,Attention
76.29,1.124,6.05,16.99,45.61,7753,7,Attention
69.85,2.432,5.73,19.29,48.49,3601,7,Normal
53.46,1.095,6.83,29.24,36.96,7348,6,Normal
64.7,2.636,3.9,14.98,39.48,6846,6,Attention
67.64,3.649,5.12,12.16,44.52,754,3,Normal
55.57,1.631,6.68,15.85,34.1,5440,10,Normal
100.25,1.672,6.02,26.66,58.34,1412,11,Attention
78.41,3.109,6.27,24.95,51.33,6596,5,Attention
81.53,1.974,4.55,15.93,37.32,3960,9,Attention
81.9,4.082,6.64,22.64,44.88,2742,12,Attention
76.08,2.373,5.53,17.63,26.02,8111,3,Attention
47.92,2.425,5.8,6.27,51.83,2806,8,Normal
82.09,1.191,2.62,15.79,53.64,1748,9,Attention
62.73,3.18,4.57,20.06,26.03,1699,8,Normal
58.81,1.796,5.55,18.76,48.7,5725,5,Normal
57.14,1.54,4.89,21.72,58.24,2407,8,Normal
66.3,1.272,5.71,7.3,37.65,1048,3,Normal
73.96,1.666,5.42,16.08,75.0,3700,6,Normal
53.66,2.342,4.98,13.53,42.72,5197,4,Normal
58.87,3.218,5.87,18.36,43.37,4595,8,Normal
56.87,3.644,6.75,19.84,44.15,7252,10,Normal
76.2,2.159,4.5,10.97,42.95,7476,6,Attention
75.42,1.321,4.34,22.0,46.16,6779,8,Attention
78.37,2.217,5.15,21.82,45.26,1312,8,Normal
43.35,1.579,5.32,21.94,41.87,2040,6,Normal
77.98,1.295,5.52,19.13,51.41,6513,2,Normal
70.72,1.341,5.07,14.48,46.51,106,8,Normal
80.52,2.007,4.7,23.93,47.33,8943,2,Attention
78.37,1.622,4.87,17.96,27.08,7434,10,Attention
65.05,1.506,5.0,21.2,60.41,3977,3,Normal
46.99,1.552,4.92,21.26,32.79,7245,5,Normal
41.01,1.138,2.8,10.54,38.11,3773,9,Normal
56.97,1.858,4.8,27.04,39.36,1571,8,Normal
79.11,2.478,6.74,13.64,52.84,4573,8,Normal
71.3,7.64,5.35,18.73,29.49,262,6,Attention
71.1,1.646,4.98,20.62,41.24,3488,9,Normal
53.01,1.375,4.62,17.52,17.51,3333,9,Normal
56.02,5.113,5.06,22.9,38.54,3535,7,Normal
58.55,4.506,8.49,23.13,45.42,771,5,Normal
94.67,3.157,5.69,18.97,58.98,8445,10,Urgent
66.07,0.974,5.09,27.86,48.89,8965,5,Normal
74.07,3.235,3.84,12.81,57.69,5735,10,Attention
52.6,1.292,5.17,19.82,31.35,555,6,Normal
67.24,2.034,5.52,22.14,60.76,2087,6,Normal
58.29,0.964,3.57,12.2,33.85,9525,8,Normal
65.44,1.15,6.2,16.71,42.16,4950,9,Normal
80.86,0.957,4.29,13.76,43.43,6627,5,Attention
75.27,1.916,6.52,19.62,41.48,4476,6,Normal
70.02,5.337,4.79,16.87,30.26,2552,6,Attention
66.79,1.845,6.95,18.87,43.79,7550,7,Normal
83.58,3.502,6.01,17.61,44.42,9451,13,Attention
83.51,1.377,5.08,21.4,45.09,6498,4,Attention
53.49,1.22,5.36,18.61,44.85,5709,8,Normal
65.78,1.461,4.42,20.63,40.7,8482,8,Normal
69.72,2.054,6.42,21.5,56.57,6662,8,Attention
86.2,1.796,6.8,17.11,33.71,2058,5,Attention
80.5,0.999,4.29,16.42,32.76,6823,2,Attention
55.96,3.788,6.0,18.75,39.58,3822,9,Normal
75.67,5.889,6.2,13.87,45.04,2620,8,Attention
65.05,2.812,5.65,15.24,54.22,1331,9,Normal
76.67,2.213,6.44,21.95,56.94,8058,12,Attention
47.0,1.718,6.47,18.07,47.92,5151,9,Normal
61.45,1.163,6.23,15.31,28.68,4848,6,Normal
70.06,1.913,6.08,19.99,48.38,708,6,Normal
86.07,1.431,4.46,14.91,57.23,7973,13,Attention
63.52,1.572,4.77,17.84,51.14,6858,6,Normal
56.71,2.08,6.87,14.38,52.35,782,4,Normal
63.9,2.1,4.46,17.67,26.97,3341,5,Normal
67.41,2.205,5.02,21.73,41.54,1066,5,Normal
86.91,5.106,5.97,16.79,47.7,9146,7,Urgent
58.88,1.194,5.36,13.99,48.41,8507,6,Normal
54.76,2.516,4.87,26.75,52.47,3756,6,Normal
75.32,1.481,8.13,19.36,36.33,3843,10,Normal
98.19,3.833,5.42,18.91,37.33,1352,6,Urgent
60.03,3.531,4.56,17.01,66.88,3375,3,Normal
77.23,2.4,6.56,21.54,45.34,6639,7,Attention
74.88,1.96,7.11,23.55,42.26,3960,6,Attention
79.11,1.207,4.6,17.68,28.79,656,5,Normal
62.26,3.951,4.37,18.09,23.89,6375,7,Attention
75.22,1.651,5.0,9.82,38.8,4307,10,Attention
47.21,1.492,4.88,20.97,38.4,8529,5,Normal
90.42,2.451,5.78,23.05,31.98,1505,9,Attention
64.75,1.345,5.96,16.11,26.69,2970,8,Normal
54.29,2.19,5.11,15.56,39.94,7688,7,Normal
56.35,3.907,5.3,18.85,37.95,3496,6,Normal
74.18,2.39,5.99,17.74,47.63,9973,8,Attention
91.14,2.343,4.16,10.3,31.62,5507,7,Attention
50.37,2.014,5.8,15.0,44.91,6466,7,Normal
67.05,2.637,6.04,21.15,47.14,4464,9,Normal
77.13,2.259,6.39,22.53,36.69,3315,5,Attention
74.58,7.72,4.82,17.8,38.89,3127,8,Attention
55.58,2.812,6.36,22.88,30.87,1452,5,Normal
82.16,1.885,5.53,23.25,37.35,9699,7,Attention
62.76,2.458,2.99,18.99,48.92,2250,4,Normal
68.35,2.823,8.64,21.83,41.77,7627,10,Normal
62.13,2.664,3.66,12.73,54.66,724,6,Normal
83.22,1.031,5.35,18.17,49.4,6091,5,Normal
67.67,1.209,6.29,20.88,42.27,6180,7,Attention
80.1,3.736,5.8,25.57,56.89,2576,4,Attention
75.8,2.45,6.25,12.71,36.24,6994,6,Attention
77.97,2.928,4.83,28.96,43.88,3080,2,Attention
80.01,2.744,4.68,18.26,53.7,854,8,Normal
63.82,2.254,3.25,10.76,55.26,5609,11,Attention
49.31,2.896,3.89,19.2,41.5,585,9,Normal
46.56,2.005,5.84,16.76,51.89,1514,7,Normal
46.09,1.109,6.69,17.89,40.39,6474,8,Normal
80.3,2.229,6.69,17.21,25.43,8971,9,Attention
51.23,2.026,5.73,20.83,37.12,2774,7,Normal
65.2,3.748,5.4,16.77,38.96,4811,6,Normal
49.61,4.494,4.54,15.61,32.28,8343,9,Normal
58.23,3.531,7.02,24.97,54.97,1014,6,Normal
49.98,3.228,4.92,15.85,33.75,7929,5,Normal
57.53,3.981,3.79,14.36,43.84,9455,12,Normal
55.09,1.847,5.05,15.39,49.39,836,9,Normal
63.73,1.93,3.87,21.57,25.26,2072,6,Normal
72.81,1.849,5.64,23.49,37.31,3138,10,Normal
76.65,0.662,4.66,20.21,52.07,1748,11,Normal
46.53,3.672,3.6,17.12,50.99,3406,6,Normal
59.01,1.661,5.25,5.45,44.32,9069,10,Normal
76.54,1.54,3.67,15.26,42.42,442,8,Attention
64.09,1.178,4.79,18.01,37.64,2030,7,Normal
74.83,1.225,3.51,10.56,52.39,6418,4,Normal
91.51,2.616,4.04,19.41,38.77,8292,4,Urgent
75.45,2.242,4.65,17.29,41.42,888,4,Normal
67.58,1.801,5.89,16.11,42.33,2064,9,Normal
65.57,2.246,5.42,16.91,56.37,8075,3,Attention
57.07,1.261,4.96,19.69,37.88,6603,7,Normal
46.08,1.903,7.29,18.43,44.0,2166,6,Normal
45.99,1.508,5.67,17.95,49.95,9430,3,Normal
72.84,1.782,4.92,23.5,52.27,4367,7,Normal
67.11,2.128,5.01,18.93,30.83,8781,6,Attention
72.96,2.145,7.22,23.32,39.21,6299,7,Normal
76.08,2.721,6.04,16.62,32.38,8833,6,Attention
61.86,2.126,6.45,22.29,49.18,1156,6,Normal
55.66,1.945,4.28,23.65,42.91,1763,4,Normal
63.83,1.043,4.51,19.71,19.61,9121,8,Normal
68.74,5.992,5.75,21.8,53.44,1707,7,Attention
75.41,1.665,6.93,19.12,53.25,9049,9,Attention
64.0,2.303,5.23,20.99,40.8,8860,8,Normal
83.69,2.506,5.97,13.29,42.71,6274,10,Attention
76.61,3.462,5.79,19.48,33.21,5342,8,Attention
69.46,2.525,6.08,18.89,47.81,4264,11,Attention
71.83,4.25,7.52,19.38,47.31,8290,9,Attention
82.09,2.161,5.37,11.64,43.99,8374,8,Attention
76.58,1.535,6.29,21.63,40.26,4359,2,Normal
63.38,0.887,4.82,22.32,56.67,6475,8,Attention
63.2,2.565,5.58,19.57,60.58,3769,9,Attention
69.64,4.38,7.51,24.11,50.71,4107,7,Attention
76.02,3.6,4.55,19.99,43.98,7316,7,Attention
49.08,1.367,5.17,18.48,39.26,7657,11,Normal
61.04,2.283,4.81,10.86,49.53,9310,3,Normal
58.5,1.906,5.32,12.26,43.84,5089,11,Normal
67.93,2.169,4.86,15.67,49.01,3838,4,Attention
59.41,1.487,6.05,12.55,33.65,7096,4,Normal
60.67,5.825,6.65,17.15,38.22,4823,9,Normal
50.6,1.942,7.13,18.67,32.59,1122,4,Normal
88.8,1.88,5.99,13.55,42.09,7403,5,Attention
61.64,1.036,4.07,11.97,60.79,547,10,Normal
74.13,2.741,5.13,16.47,46.52,2981,7,Attention
73.36,3.333,6.11,11.85,43.98,8473,6,Attention
82.06,2.332,8.6,17.08,45.77,842,5,Normal
76.1,1.546,5.25,25.16,41.33,5640,6,Attention
66.21,3.961,3.78,14.17,44.69,6736,5,Attention
82.17,3.568,6.59,17.11,28.87,2600,11,Attention
77.54,1.677,6.66,19.38,32.01,2041,9,Attention
85.46,2.142,4.74,16.85,35.67,2805,6,Attention
57.58,1.838,5.77,20.92,50.35,9599,10,Attention
47.61,1.639,5.74,24.53,52.51,4324,9,Normal
54.78,6.521,4.71,12.76,49.14,5420,14,Normal
55.61,2.762,5.6,13.87,36.96,5823,13,Normal
58.96,1.698,5.3,13.95,41.41,7497,7,Attention
51.39,2.459,5.25,22.35,49.11,5156,6,Normal
82.89,1.92,4.99,16.24,54.34,8440,8,Attention
76.24,2.079,5.29,12.52,37.89,2545,8,Attention
70.87,1.937,4.88,20.47,45.49,3224,7,Normal
78.69,1.293,5.35,28.81,46.59,8951,9,Attention
81.32,3.264,5.4,21.3,31.62,6453,13,Attention
43.9,1.794,6.48,28.05,42.3,1311,8,Normal
65.31,2.761,5.96,15.42,47.96,2629,7,Normal
59.78,2.511,5.1,23.62,39.13,7975,9,Attention
72.07,3.721,5.63,19.53,46.92,5809,4,Attention
55.03,0.908,4.35,24.98,48.96,1340,7,Normal
63.45,1.39,6.5,15.2,23.32,7749,7,Normal
65.78,0.66,5.44,22.39,38.69,8178,7,Normal
70.99,1.894,4.28,18.56,44.64,433,6,Normal
78.68,8.734,7.62,6.81,59.19,9891,9,Urgent
60.61,3.293,3.83,23.41,58.14,3161,7,Normal
75.28,4.019,4.27,21.43,32.9,6487,7,Attention
57.12,2.833,5.08,23.08,54.08,8327,7,Normal
73.79,1.706,4.15,18.13,44.21,7657,8,Attention
80.9,2.558,3.69,19.83,31.1,6538,10,Attention
70.59,2.109,5.04,24.0,39.28,8614,11,Attention
63.53,2.622,3.37,19.0,34.01,6712,3,Attention
71.48,1.63,5.24,15.57,35.92,1956,8,Normal
70.01,2.384,6.4,13.64,40.53,6308,6,Normal
66.16,1.468,4.64,13.27,35.92,9936,5,Attention
60.12,3.061,6.2,19.18,44.34,1874,5,Normal
70.38,1.634,7.05,16.63,36.87,4421,8,Normal
38.33,5.078,3.72,18.32,30.1,6140,5,Normal
58.02,1.191,4.13,21.11,57.53,5075,3,Normal
75.25,1.015,4.78,19.83,38.23,4676,5,Normal
60.32,2.79,6.39,13.42,43.68,830,8,Normal
65.44,3.673,5.26,16.35,46.47,746,8,Normal
68.0,1.1,4.22,14.78,38.74,8287,6,Normal
67.32,1.608,5.97,13.75,49.83,6341,8,Normal
44.88,2.506,7.17,16.04,48.29,1426,6,Normal
79.01,1.667,4.58,14.02,38.19,238,6,Normal
70.93,2.484,3.91,17.08,33.59,9052,5,Attention
65.35,3.242,4.45,20.13,40.06,190,4,Normal
67.81,3.333,7.41,20.03,44.29,847,4,Normal
61.3,1.876,6.99,26.24,35.92,7305,5,Attention
58.88,4.281,4.88,19.55,40.26,1897,9,Normal
74.8,1.306,4.47,19.78,43.2,1482,6,Normal
67.7,2.484,5.43,18.47,39.87,684,7,Normal
38.79,0.943,5.62,14.79,37.86,7358,5,Normal
67.75,2.76,4.76,13.95,32.08,5355,7,Attention
77.12,2.817,6.12,19.67,60.91,4213,7,Attention
78.98,1.601,6.44,22.91,40.57,6001,11,Attention
62.73,2.249,6.75,14.45,49.79,108,6,Normal
59.61,2.087,3.84,15.59,29.81,947,7,Normal
86.06,1.586,5.96,24.24,36.39,2805,8,Attention
53.35,1.999,7.36,20.35,35.51,1225,8,Normal
71.56,3.401,6.33,19.88,37.14,4441,8,Normal
76.52,2.427,4.89,16.96,37.64,3187,10,Attention
69.99,1.402,6.62,20.57,36.73,529,10,Normal
82.5,3.426,5.96,12.26,51.18,1788,8,Attention
74.82,3.111,3.71,14.87,45.57,4307,5,Attention
65.44,2.462,6.45,21.92,41.54,9288,4,Normal
62.96,1.439,4.05,19.49,28.88,5504,8,Attention
55.42,1.417,5.4,20.26,31.32,2588,2,Normal
79.15,3.437,5.04,13.0,43.29,4547,5,Attention
56.33,1.64,5.68,13.22,66.48,5511,9,Normal
71.38,1.064,4.59,24.35,56.22,865,7,Attention
61.6,4.2,4.7,16.19,23.49,7110,7,Normal
76.65,4.398,2.73,15.41,37.83,5390,5,Urgent
83.19,1.619,4.57,20.06,35.21,7097,7,Attention
65.51,5.723,6.36,22.2,22.82,7828,9,Attention
75.73,1.378,3.86,14.03,37.75,5679,10,Normal
64.31,1.386,4.02,14.12,28.93,8643,11,Attention
58.11,2.364,4.38,16.29,33.61,5064,6,Normal
58.44,2.853,5.9,17.71,54.35,988,4,Normal
78.97,2.578,7.88,18.67,39.58,9436,4,Attention
64.72,2.135,4.14,18.93,35.95,4270,4,Attention
58.07,2.819,5.13,20.87,37.04,5734,7,Normal
76.7,5.62,2.87,23.18,40.0,8376,4,Urgent
65.57,1.083,6.15,14.66,37.75,5854,3,Normal
62.79,1.816,4.83,24.57,33.82,315,5,Normal
66.71,1.362,4.35,16.22,46.45,9874,8,Attention
66.07,2.998,5.47,10.41,41.64,9120,9,Attention
70.49,1.553,3.4,16.95,55.84,1456,6,Normal
66.26,2.046,4.93,17.16,41.16,3423,7,Attention
77.18,3.605,4.1,11.87,46.63,7327,4,Attention
84.99,2.234,4.07,12.37,42.75,4827,5,Attention
70.46,1.078,3.71,16.46,40.21,5017,5,Attention
68.53,3.189,4.72,27.06,36.42,779,5,Normal
66.33,2.606,7.55,19.67,30.96,2456,8,Normal
75.52,2.167,5.52,23.59,45.11,4532,7,Attention
71.01,1.266,5.43,19.57,39.93,3506,7,Attention
84.55,4.064,4.82,14.94,26.42,6709,2,Urgent
76.38,3.515,5.85,22.83,43.15,7222,8,Attention
77.39,1.978,7.38,18.72,51.24,7365,9,Attention
63.2,2.735,4.93,23.02,36.35,3655,6,Normal
68.72,1.307,5.24,18.95,49.63,1124,7,Normal
72.71,1.954,5.38,20.71,41.25,6197,9,Normal
74.6,3.314,5.89,20.35,39.16,5896,4,Attention
63.64,3.046,3.12,17.11,42.49,2766,9,Normal
89.67,1.686,6.12,14.07,52.85,2402,11,Attention
70.06,3.384,4.34,13.37,40.29,9408,9,Attention
60.66,1.463,6.14,21.73,35.46,2709,3,Normal
60.9,4.948,5.52,19.33,54.89,7444,5,Normal
78.76,1.418,5.9,22.71,26.42,7328,8,Attention
90.5,4.02,4.54,22.22,57.37,9480,6,Urgent
50.33,2.245,4.83,25.41,48.64,7772,14,Normal
85.68,1.86,4.09,16.43,38.69,7480,7,Attention
74.01,2.568,7.3,18.63,57.4,3873,13,Attention
65.64,2.786,4.87,24.95,58.79,2925,10,Attention
60.46,2.588,4.41,20.97,39.87,2716,10,Normal
66.09,1.585,5.97,16.89,40.2,4452,6,Normal
63.52,1.537,4.25,19.95,45.63,8939,7,Normal
67.34,9.167,4.96,27.35,67.6,5850,10,Attention
77.4,0.693,4.57,23.73,38.39,4838,10,Attention
77.73,4.661,5.9,8.86,43.24,5332,8,Urgent
69.78,1.819,5.73,13.13,37.76,6286,7,Normal
70.66,1.952,3.93,20.04,36.95,8166,6,Attention
63.46,1.576,8.57,19.2,36.15,2450,8,Normal
85.64,2.281,3.8,12.79,48.55,4076,9,Attention
57.1,1.782,5.86,17.4,42.48,4462,3,Normal
77.75,0.927,4.59,15.94,40.88,227,8,Normal
60.16,4.303,7.37,17.07,41.94,3730,9,Normal
65.08,3.399,5.0,28.31,50.37,5781,5,Attention
72.23,5.649,3.59,14.67,36.78,7871,5,Attention
76.72,2.019,5.66,17.49,41.52,1936,2,Normal
70.94,4.214,4.68,22.31,51.04,9317,9,Attention
70.58,0.901,7.18,15.0,36.76,9419,13,Normal
61.94,6.376,7.41,24.76,48.25,5759,4,Normal
58.81,3.52,5.12,22.24,48.94,5251,6,Normal
56.25,2.197,6.67,24.09,34.69,705,9,Normal
57.85,4.954,5.05,25.46,33.94,3897,5,Normal
57.68,1.698,4.93,14.62,19.45,9401,7,Normal
82.99,2.502,5.88,17.5,56.06,8737,4,Attention
65.53,1.401,4.03,24.41,36.68,4180,7,Normal
60.5,2.324,3.22,23.83,49.52,2737,5,Normal
75.33,2.159,7.38,12.1,39.38,6192,10,Normal
74.43,1.493,6.6,25.3,25.85,1780,2,Attention
69.23,2.835,6.0,19.57,45.76,6803,9,Attention
64.75,0.936,5.75,21.95,32.67,579,5,Normal
65.68,1.104,4.73,11.65,33.49,2643,4,Normal
75.55,2.993,4.72,15.73,42.34,5885,4,Normal
67.98,2.259,4.98,26.76,51.55,9492,7,Attention
66.27,1.755,3.2,16.7,42.42,2994,13,Attention
70.44,1.628,5.42,22.57,36.6,8634,6,Normal
63.4,0.888,6.05,15.38,45.05,253,4,Normal
88.03,1.913,7.05,21.45,36.74,3280,7,Attention
68.87,0.657,6.68,21.43,26.38,4890,6,Normal
54.5,1.496,5.84,15.18,46.14,8036,8,Normal
82.17,2.109,5.13,13.18,44.4,9176,6,Attention
79.71,2.689,6.79,21.06,31.7,4930,4,Attention
61.65,2.672,5.44,11.75,59.33,1936,14,Normal
69.47,2.217,4.23,15.48,65.86,5193,3,Attention
58.24,5.609,5.14,19.96,53.45,1812,5,Normal
71.17,2.335,5.87,22.89,30.11,2913,12,Attention
60.12,1.072,6.53,15.69,45.31,3944,7,Normal
63.58,1.089,3.34,22.29,41.88,3675,5,Attention
69.46,1.321,5.04,16.45,48.77,5710,8,Normal
72.39,1.951,5.86,14.74,43.25,229,7,Normal
64.68,2.143,7.25,16.21,28.37,3902,7,Normal
76.88,2.037,5.2,11.03,42.05,8685,5,Attention
48.06,3.233,5.58,17.67,43.19,6535,8,Normal
53.94,1.066,5.31,29.17,28.5,4405,5,Normal
78.41,2.234,4.44,18.1,41.87,33,10,Attention
44.6,3.043,6.79,16.7,36.35,9842,7,Normal
56.5,3.471,5.54,24.3,70.31,189,10,Normal
58.53,1.561,6.3,20.22,39.64,2928,5,Normal
42.55,2.141,6.75,13.34,40.05,48,7,Normal
88.13,3.264,6.27,16.81,24.51,3604,5,Attention
60.75,1.735,4.41,18.17,40.32,525,9,Normal
62.23,1.582,4.91,15.08,42.91,6677,6,Normal
61.4,1.87,3.7,20.3,39.2,8055,4,Normal
73.68,2.579,5.97,13.9,44.35,8831,12,Attention
83.65,2.886,4.74,22.25,37.89,6962,8,Urgent
61.04,3.701,4.78,17.03,71.23,3887,6,Normal
65.89,1.434,4.31,9.75,20.98,1130,10,Normal
56.02,2.436,6.23,13.81,24.78,2040,4,Normal
61.09,6.35,6.27,15.89,43.47,5902,4,Normal
67.75,2.022,5.9,17.2,42.49,3807,5,Normal
68.2,2.528,4.17,18.37,38.51,7084,6,Normal
68.77,1.688,6.81,16.85,55.94,7892,2,Normal
63.84,0.848,5.5,21.09,52.78,4468,5,Normal
68.86,2.907,5.78,25.47,50.21,6148,7,Attention
54.13,2.773,6.38,14.48,41.98,6297,7,Normal
64.74,2.147,3.57,16.38,43.18,2519,5,Normal
53.43,2.071,6.03,18.63,53.33,4435,8,Normal
81.21,1.687,5.99,20.46,49.63,3340,3,Attention
70.67,2.031,6.2,20.68,40.62,1362,8,Normal
74.49,1.089,5.68,18.14,41.43,7891,9,Normal
31.44,2.022,6.32,23.9,42.03,1323,8,Normal
86.24,3.586,6.19,18.23,52.78,8571,9,Attention
65.45,2.683,4.63,15.29,41.17,4764,7,Normal
62.94,0.97,5.67,22.42,36.22,4457,6,Normal
58.22,2.184,6.29,14.19,46.65,7113,3,Normal
60.65,1.652,5.81,23.4,26.01,9049,12,Attention
54.9,4.055,3.49,27.15,35.02,2614,8,Attention
62.2,1.53,7.7,11.47,55.84,8162,8,Normal
76.19,2.105,5.46,21.74,41.53,4493,5,Normal
70.1,3.212,6.93,25.95,61.53,2838,10,Normal
81.41,4.773,6.1,15.43,30.7,1383,11,Attention
91.32,1.703,3.09,22.41,32.93,5117,4,Urgent
68.35,2.313,4.75,19.99,42.37,4594,7,Attention
50.24,3.277,5.25,16.59,46.61,9055,3,Normal
86.3,2.377,3.65,13.42,38.69,4350,7,Attention
63.16,0.906,4.98,18.89,39.85,4852,9,Normal
79.55,3.733,4.91,19.24,35.84,5161,5,Attention
81.07,2.934,3.92,13.77,68.07,9306,8,Attention
79.57,1.363,3.81,15.52,37.76,3653,6,Attention
67.07,4.099,5.41,14.66,51.23,9009,6,Attention
70.09,2.274,3.81,27.31,52.77,41,9,Normal
51.77,2.327,4.61,9.82,53.82,2828,4,Normal
74.95,3.765,5.22,11.67,28.88,533,6,Attention
64.66,1.565,6.79,12.35,57.08,2864,8,Normal
79.97,1.178,4.99,17.54,48.64,9405,9,Attention
52.08,2.674,6.35,27.38,13.03,5888,4,Normal
69.41,0.822,4.9,15.39,36.72,2730,8,Normal
62.67,1.051,5.19,15.03,44.46,5616,6,Normal
48.44,2.827,4.85,18.48,38.51,752,11,Normal
64.85,1.294,5.1,20.05,37.0,4835,5,Normal
76.28,1.468,5.42,8.78,42.72,9535,4,Normal
48.48,1.503,4.8,15.99,46.4,3998,12,Normal
69.73,1.461,5.43,16.34,41.61,2355,6,Normal
58.42,1.379,6.02,17.82,28.76,9442,7,Normal
58.26,3.581,4.16,12.31,51.69,8264,7,Attention
60.58,1.442,4.83,13.71,53.67,2273,8,Attention
73.98,2.513,6.5,13.81,66.6,6720,5,Attention
58.85,1.332,5.23,16.72,41.58,820,10,Normal
75.75,1.76,5.44,16.48,43.94,5614,5,Attention
85.92,1.187,6.29,16.04,17.13,9661,6,Urgent
74.04,1.817,5.72,14.11,46.07,3475,10,Attention
75.88,2.84,5.1,12.19,52.28,8854,4,Attention
80.32,4.151,6.18,14.37,46.78,7254,9,Urgent
64.7,1.252,6.16,15.95,26.0,4624,11,Normal
64.33,2.39,4.85,29.18,41.47,3821,1,Attention
62.48,1.742,5.74,13.54,35.01,7654,7,Normal
65.29,4.554,5.96,19.02,17.27,4272,8,Attention
61.55,2.84,3.66,20.72,35.01,227,10,Attention
54.68,2.967,8.86,14.12,34.96,3004,8,Normal
70.83,1.875,5.31,21.76,32.73,7517,14,Attention
63.6,0.969,7.14,21.3,40.39,8816,6,Normal
73.19,1.286,5.91,12.18,52.7,1210,5,Normal
65.05,1.999,4.63,22.64,51.88,453,12,Normal
75.18,4.006,4.9,15.85,53.74,7607,8,Attention
78.31,1.038,7.61,17.14,29.58,3995,5,Attention
72.49,1.804,5.84,19.29,29.26,4038,4,Normal
84.5,1.94,6.17,17.95,35.35,1638,11,Attention
56.41,2.177,8.42,20.16,37.03,3010,15,Normal
50.4,4.448,5.46,24.87,49.95,1699,11,Normal
68.39,3.139,2.91,19.82,44.13,4911,7,Urgent
62.17,2.268,6.63,20.55,50.15,6238,7,Normal
64.03,1.659,5.48,21.47,36.85,5851,7,Normal
84.36,1.886,5.72,16.75,22.91,2416,5,Normal
76.04,1.465,6.19,22.11,45.82,2,8,Normal
82.52,0.998,5.48,20.59,36.68,2535,7,Attention
68.4,2.06,3.33,18.05,41.89,1016,5,Normal
68.02,3.113,4.58,26.3,33.42,8305,12,Attention
66.08,2.115,5.14,14.84,29.27,5881,8,Normal
65.03,3.6,5.37,26.55,46.63,150,6,Normal
71.74,2.282,5.33,15.77,69.49,8992,13,Attention
67.44,0.994,5.94,18.16,39.44,5451,4,Normal
57.67,1.208,6.0,26.57,46.2,4014,7,Normal
79.71,3.827,4.75,25.75,43.61,5974,11,Urgent
64.8,0.651,6.75,21.75,32.32,647,4,Normal
54.44,2.667,5.17,13.66,43.88,7263,10,Normal
75.91,2.2,6.07,19.35,36.69,5776,5,Normal
75.14,1.956,6.4,18.27,44.44,5603,7,Attention
45.05,3.595,6.35,15.18,13.32,2628,5,Normal
57.4,1.711,4.99,11.01,69.83,4298,11,Normal
94.15,1.594,3.5,15.88,36.64,7947,7,Attention
87.6,3.362,5.69,27.5,38.82,3264,8,Attention
72.23,3.619,5.2,10.6,48.73,9090,4,Attention
83.63,0.994,6.18,15.56,49.15,1362,7,Normal
64.23,1.956,5.19,15.97,48.01,1624,5,Normal
79.59,2.655,6.55,25.97,32.79,3075,10,Attention
73.48,3.753,5.99,13.45,43.66,7353,7,Attention
66.81,4.216,6.19,15.22,45.43,8554,5,Attention
30.47,0.962,4.76,9.33,34.14,9606,6,Normal
52.99,1.181,5.95,16.66,66.08,7526,11,Normal
62.44,2.036,6.29,8.66,39.21,7026,5,Normal
71.74,0.904,4.94,21.19,45.61,1115,4,Normal
75.43,1.043,4.96,13.38,38.58,2557,6,Normal
74.64,2.396,4.61,20.96,43.11,31,8,Normal
64.71,4.27,3.42,10.25,39.0,7552,7,Attention
66.36,2.637,4.34,20.26,44.81,8651,8,Attention
85.0,2.014,7.61,15.82,43.81,7148,7,Attention
71.33,4.376,4.26,5.0,27.89,9704,8,Attention
79.34,1.441,6.54,12.87,55.72,5503,6,Normal
56.05,3.744,5.69,20.94,34.69,9487,8,Normal
64.61,2.003,4.78,14.59,38.09,2767,2,Normal
86.03,1.517,4.61,16.05,44.55,6880,10,Attention
53.15,2.753,5.81,16.47,39.86,4699,8,Normal
65.83,3.722,5.61,20.55,44.06,7050,12,Attention
81.26,1.245,6.24,12.29,40.68,1456,6,Normal
62.2,1.897,3.86,18.94,22.82,9424,5,Attention
74.46,3.167,5.85,19.95,46.48,2096,7,Attention
57.85,4.859,5.53,13.5,41.97,2377,8,Normal
72.8,1.744,5.59,15.42,36.07,1124,8,Normal
66.73,8.403,4.74,15.71,28.91,9901,10,Attention
66.53,3.7,6.67,23.13,42.96,2179,4,Normal
86.52,1.994,5.43,17.02,39.06,8754,8,Attention
82.74,3.348,4.21,23.38,30.5,5159,7,Urgent
85.14,3.429,5.69,17.66,52.04,4191,7,Attention
71.73,2.954,4.86,19.16,43.58,9640,4,Attention
63.52,4.359,5.47,25.92,41.32,983,4,Normal
81.06,2.024,6.68,16.12,41.32,8145,8,Attention
82.16,4.036,5.46,24.23,46.06,665,6,Attention
68.62,2.824,4.09,24.85,59.16,2397,5,Attention
84.22,2.621,4.53,17.87,45.94,96,7,Attention
71.0,2.95,5.26,14.96,49.39,3434,10,Normal
75.67,3.481,5.49,17.15,44.99,3179,12,Attention
69.64,5.893,6.43,15.91,53.78,8043,7,Normal
63.85,3.376,4.99,14.83,29.63,5501,10,Attention
85.14,1.749,6.44,16.18,35.8,9831,5,Attention
70.91,2.305,4.94,17.71,45.5,4304,6,Normal
57.42,5.375,6.71,21.88,36.02,5201,7,Normal
107.65,1.821,6.81,22.78,45.82,3858,7,Urgent
75.82,3.819,3.61,22.13,35.52,9718,5,Attention
79.91,2.473,6.79,16.64,44.17,5601,6,Attention
51.58,0.888,5.21,19.4,31.05,6162,10,Normal
60.76,3.789,4.18,18.04,30.47,3314,8,Attention
57.72,1.81,4.27,19.18,52.09,8728,4,Normal
63.54,1.68,5.95,6.74,45.97,6775,3,Normal
65.58,1.695,6.7,9.73,23.27,4760,8,Normal
65.33,3.764,6.55,15.29,38.91,85,9,Normal
68.37,4.59,7.9,21.04,29.86,9387,2,Attention
72.89,2.327,6.82,21.43,21.38,2521,11,Normal
77.66,1.156,4.3,23.07,46.26,3864,8,Attention
60.34,5.831,6.87,22.01,41.59,2057,11,Normal
71.16,3.562,4.28,24.05,47.84,6950,7,Attention
77.12,1.49,4.01,16.46,48.37,8413,10,Attention
88.84,1.734,6.02,18.43,49.47,9603,5,Attention
78.02,2.09,5.89,14.12,45.7,3711,7,Normal
81.06,1.472,4.76,20.16,45.13,2131,7,Normal
63.74,1.174,5.09,24.25,42.98,9342,7,Attention
52.71,1.342,3.28,26.6,34.65,6110,7,Attention
59.02,2.788,4.43,15.0,43.43,6558,9,Normal
78.97,4.085,4.47,17.78,22.81,8917,4,Attention
57.25,3.768,5.92,17.18,33.47,1393,6,Normal
50.63,1.814,4.33,24.76,43.45,3435,4,Normal
71.88,3.367,7.45,21.38,52.75,8170,5,Attention
80.68,2.812,4.04,13.14,45.63,6234,3,Attention
80.18,3.738,8.23,12.67,20.73,4201,6,Attention
70.65,0.845,5.16,19.54,36.0,9229,5,Normal
65.3,0.969,5.51,18.24,42.24,3825,3,Normal
82.13,0.789,3.71,14.61,34.81,2842,2,Attention
77.38,4.096,5.38,21.33,45.87,5682,8,Attention
65.69,1.971,3.01,10.27,45.24,2464,9,Normal
85.21,2.498,4.42,14.75,48.45,9136,8,Attention
72.9,1.133,6.77,17.75,51.79,9591,12,Normal
63.19,1.418,5.54,21.63,34.95,8085,7,Normal
89.86,2.739,6.81,22.77,45.73,4084,12,Attention
56.04,6.649,4.05,17.1,33.97,5681,4,Normal
91.7,4.835,6.0,17.45,44.56,6134,8,Urgent
69.79,1.925,5.82,19.41,40.57,7535,2,Normal
47.02,2.52,6.93,25.27,27.2,2934,4,Normal
72.65,3.684,6.17,17.84,40.41,3708,10,Attention
89.75,3.286,5.58,14.66,34.69,9270,3,Urgent
72.52,3.459,4.84,15.26,34.62,169,13,Attention
82.89,1.486,5.63,16.91,45.13,4112,7,Normal
58.07,2.747,5.42,18.75,37.4,9778,7,Attention
46.07,2.558,4.6,19.37,42.72,9233,9,Normal
71.4,4.759,6.27,16.32,45.59,9217,8,Attention
77.91,1.843,6.76,22.79,50.49,350,4,Attention
71.17,2.833,5.84,15.95,59.5,9025,9,Attention
85.3,2.349,5.6,18.97,41.81,7239,2,Attention
49.42,1.097,5.84,14.85,21.14,7106,11,Normal
58.2,1.564,5.01,15.36,23.06,9727,5,Normal
72.68,1.491,3.98,18.3,52.35,2626,6,Normal
69.14,3.197,5.53,12.62,31.23,3871,5,Attention
87.52,1.299,6.19,23.13,42.32,3670,4,Normal
71.2,2.441,5.3,15.96,38.9,5989,5,Normal
63.94,0.986,5.04,15.37,37.41,9518,4,Normal
72.84,2.374,3.24,17.95,29.08,8231,6,Attention
70.91,1.354,7.1,16.29,15.81,6971,9,Attention
68.09,2.753,7.56,17.76,45.64,9769,10,Attention
72.78,3.619,5.19,16.3,31.58,8974,9,Attention
76.37,1.274,5.12,27.81,55.0,5157,9,Attention
73.98,1.291,5.02,21.04,40.09,2545,5,Normal
58.94,2.886,5.83,19.77,39.52,7332,13,Normal
47.2,1.365,5.16,24.65,50.38,1541,6,Normal
82.44,3.739,5.04,19.07,46.45,1715,9,Attention
55.96,1.707,4.0,21.91,54.75,6679,7,Normal
55.78,1.788,3.15,19.38,39.96,6294,6,Normal
60.53,1.599,6.03,16.83,40.23,5673,7,Normal
48.81,0.906,4.26,14.65,62.17,762,7,Normal
47.06,1.803,5.58,22.16,52.13,8761,7,Normal
57.13,2.223,5.64,24.92,23.19,6705,10,Normal
65.68,3.228,5.94,17.63,49.26,5607,7,Normal
79.67,2.299,3.58,23.04,41.78,8612,7,Urgent
69.72,1.277,5.31,17.19,38.34,9621,4,Normal
58.35,1.547,3.87,14.59,17.2,6336,6,Normal
71.47,1.5,4.38,19.36,25.31,800,5,Normal
85.5,2.872,4.61,15.76,41.58,7484,5,Attention
68.64,1.785,6.14,21.05,52.44,3180,7,Normal
71.08,1.827,6.57,17.94,58.27,6691,6,Attention
79.14,3.472,6.81,22.96,41.35,8772,5,Attention
64.98,2.367,6.43,10.26,50.35,2998,6,Normal
50.44,9.622,4.71,22.12,41.75,4915,12,Normal
79.55,2.068,5.27,21.76,44.28,139,8,Attention
84.0,0.953,8.19,15.63,31.8,7281,4,Normal
75.38,1.247,5.67,20.51,47.16,3948,7,Normal
63.92,2.703,4.08,24.75,45.94,294,4,Normal
92.74,1.613,6.41,13.51,43.08,9674,11,Urgent
64.76,1.62,5.02,25.98,39.11,2490,10,Normal
65.64,2.341,6.76,12.73,35.29,8795,8,Attention
54.57,3.728,6.5,14.1,33.04,9971,9,Normal
70.52,3.299,6.14,20.35,40.2,9600,8,Attention
80.56,1.217,5.28,18.36,35.31,8937,6,Attention
70.5,5.414,4.81,21.65,50.54,9894,5,Attention
96.0,1.876,7.2,17.02,25.35,9204,9,Urgent
69.49,4.524,4.58,16.87,43.24,4729,10,Attention
70.62,2.622,4.77,14.71,42.61,9928,8,Attention
80.36,2.805,5.06,12.19,44.47,5422,7,Attention
84.96,1.94,3.38,25.62,32.26,9042,6,Urgent
86.08,1.188,3.48,18.2,70.17,5325,3,Attention
83.08,3.668,3.88,19.62,40.91,852,6,Attention
81.59,3.442,5.62,24.97,39.82,8562,8,Attention
101.05,2.538,5.85,16.72,41.97,3263,8,Attention
49.59,2.371,5.14,10.54,43.85,4821,8,Normal
89.56,2.232,4.87,19.25,42.89,5046,6,Attention
52.06,1.166,4.32,23.26,58.96,3848,8,Normal
62.83,1.4,4.45,15.65,35.04,268,5,Normal
51.9,1.089,4.15,17.74,48.28,5307,4,Normal
64.07,3.941,4.88,18.29,49.16,6639,7,Normal
82.82,3.858,5.75,11.79,59.22,1131,4,Attention
52.85,2.779,6.85,16.51,45.34,2476,8,Normal
78.22,2.947,2.78,14.36,24.41,8218,5,Urgent
82.63,3.238,3.78,21.47,34.29,5489,9,Attention
63.77,3.31,7.85,13.99,27.59,5261,9,Attention
70.55,2.513,5.35,22.45,36.85,8583,8,Attention
60.73,1.652,5.35,21.81,43.28,3111,10,Normal
64.46,1.355,5.07,21.87,54.54,6820,5,Normal
69.15,2.661,5.59,20.94,33.42,7384,8,Normal
77.03,2.841,6.41,13.08,29.05,8018,6,Attention
69.3,3.072,4.09,11.46,55.04,7296,3,Normal
69.47,2.892,6.13,18.65,58.75,7858,10,Attention
72.77,1.189,4.63,21.15,36.34,3254,5,Normal
68.88,2.375,4.55,22.63,53.09,256,4,Normal
59.94,1.315,6.14,14.09,29.89,8944,3,Normal
48.13,1.574,5.63,18.9,46.53,2123,4,Normal
55.67,2.489,5.29,17.01,26.11,1291,6,Normal
50.7,2.196,5.7,18.62,36.63,8597,7,Normal
80.33,0.976,4.15,18.33,54.51,805,8,Attention
63.24,2.067,6.37,16.42,45.0,9718,11,Attention
72.85,1.128,4.76,25.11,57.25,2810,6,Normal
75.31,1.877,6.19,10.47,27.56,416,4,Normal
86.95,2.501,4.81,18.88,61.53,8121,6,Urgent
63.98,0.975,3.86,19.54,35.41,4552,6,Normal
80.17,2.844,7.36,15.12,27.05,7260,6,Attention
52.94,1.828,4.88,17.22,31.65,4527,4,Normal
81.35,3.398,5.72,24.21,52.92,190,4,Attention
62.32,2.782,5.21,18.03,35.83,9644,11,Attention
86.93,2.303,6.66,16.4,50.94,5748,4,Normal
51.55,6.491,6.77,19.73,45.91,62,5,Normal
93.44,1.36,5.91,19.95,46.6,429,4,Attention
49.45,1.962,5.97,14.27,23.63,1487,8,Normal
83.22,1.813,8.76,19.17,43.73,4974,9,Attention
73.45,3.135,5.92,17.85,29.29,3411,8,Attention
63.87,1.754,5.19,24.47,37.32,2538,7,Attention
58.17,3.267,4.92,17.17,29.53,9755,6,Normal
85.78,0.982,4.63,18.01,34.75,7118,8,Attention
71.31,1.467,6.54,18.4,25.82,5371,6,Normal
75.98,2.634,6.81,8.72,40.63,2231,8,Normal
65.52,1.547,6.5,8.91,45.9,9910,10,Attention
71.67,1.672,4.62,27.41,35.65,366,6,Attention
59.81,1.962,5.25,12.77,40.22,5192,4,Normal
52.08,0.934,4.12,18.36,38.8,7249,5,Normal
84.75,2.227,5.7,21.35,68.32,9707,10,Urgent
63.22,0.942,6.53,21.03,46.73,5804,8,Normal
59.99,1.335,4.79,19.16,47.0,1252,12,Normal
83.72,2.441,4.93,12.03,44.41,6798,9,Attention
55.05,0.521,6.28,25.93,48.47,552,8,Normal
67.6,1.505,6.08,22.27,52.85,3955,5,Normal
66.95,1.842,6.23,15.27,41.6,7010,8,Normal
75.41,3.569,5.37,14.45,36.58,1176,4,Normal
65.7,2.713,5.58,11.25,37.63,9439,7,Attention
80.6,1.699,6.34,14.05,40.99,9383,7,Attention
71.07,3.101,6.51,27.44,57.03,1315,5,Normal
74.21,2.281,5.44,18.36,33.79,1464,3,Normal
50.97,3.463,5.74,15.33,30.48,8293,8,Normal
85.44,2.76,4.37,16.6,49.8,7256,7,Attention
65.76,2.78,4.95,16.78,46.21,9828,6,Attention
67.37,1.453,6.35,5.0,52.19,8911,5,Attention
52.22,0.994,4.2,18.48,50.48,3360,4,Normal
83.76,1.917,4.77,17.98,45.2,818,9,Normal
59.07,2.851,5.5,17.66,45.44,8313,7,Normal
49.75,3.352,5.4,12.72,51.88,3255,13,Normal
56.63,3.194,3.41,17.04,42.85,3499,8,Normal
75.0,3.292,6.48,13.18,50.1,9680,8,Attention
72.47,2.013,2.93,21.48,38.09,797,9,Attention
70.56,1.775,5.59,15.91,46.26,7880,5,Attention
60.63,1.415,4.39,10.16,48.42,8079,8,Normal
47.66,2.407,4.94,20.63,45.46,8754,6,Normal
72.42,3.803,4.1,17.52,44.56,2038,7,Attention
70.29,3.147,4.52,15.15,57.93,8233,10,Attention
79.59,2.426,6.98,18.74,22.4,5228,8,Attention
64.7,1.958,4.12,18.06,38.92,2547,4,Normal
63.46,2.164,3.16,16.01,43.77,891,9,Normal
74.56,2.025,4.62,17.15,21.82,3413,6,Attention
60.92,5.016,5.61,25.21,45.46,2676,11,Normal
87.22,1.752,3.78,21.98,33.81,5176,9,Attention
42.64,1.475,6.48,16.82,50.63,6142,8,Normal
57.93,3.576,5.24,18.82,62.7,289,9,Normal
89.96,0.903,6.28,17.91,59.16,4508,7,Normal
100.47,1.692,4.94,15.48,61.65,1172,7,Attention
66.88,0.622,7.9,16.63,44.81,3553,4,Normal
61.01,4.335,5.65,18.69,33.2,4430,5,Normal
58.15,1.162,4.87,24.97,53.1,1865,7,Normal
69.83,1.117,6.11,22.0,42.78,6484,7,Attention
72.21,2.885,4.8,9.04,53.75,8,6,Attention
68.5,3.13,4.88,15.49,33.83,165,8,Normal
64.63,3.197,6.01,18.1,53.48,1150,11,Normal
68.52,1.619,4.34,18.78,43.43,5895,9,Attention
72.45,4.19,4.52,16.55,27.53,9687,10,Attention
52.91,1.601,4.91,19.53,38.0,597,9,Normal
79.43,4.169,4.65,20.41,38.62,9308,7,Attention
58.59,0.893,3.62,26.12,38.51,3848,7,Normal
47.24,2.717,6.54,23.25,34.82,8221,10,Normal
69.96,1.307,6.84,9.13,43.99,3739,13,Normal
51.26,4.271,4.43,20.65,32.85,2893,7,Normal
82.06,2.756,5.16,19.92,24.44,2691,8,Attention
77.84,2.064,5.41,18.41,49.37,2349,7,Attention
62.9,2.19,6.61,13.73,55.23,8520,5,Normal
77.79,1.96,5.61,21.67,47.33,540,8,Attention
61.27,1.334,6.45,15.82,33.67,9388,12,Attention
50.15,1.236,4.94,14.88,42.46,9935,6,Normal
64.25,0.848,4.43,14.29,43.84,4592,6,Normal
80.81,2.646,3.69,26.75,52.66,1001,5,Attention
70.84,2.325,5.65,20.81,41.13,2743,4,Normal
56.28,1.042,3.13,18.18,37.98,8619,1,Normal
77.39,2.006,3.96,10.23,43.19,7935,7,Attention
95.36,2.065,6.0,18.32,42.22,4275,7,Attention
57.05,2.683,4.12,20.1,52.94,6012,2,Normal
70.96,3.182,7.93,16.13,37.95,9956,5,Attention
39.23,1.384,4.44,20.2,14.88,7670,4,Normal
56.74,0.895,5.45,18.56,49.15,3800,9,Normal
56.46,1.87,5.77,25.58,39.19,3942,4,Normal
69.42,1.783,5.57,13.23,25.51,7242,7,Normal
55.07,3.742,4.95,12.86,47.93,9010,4,Normal
75.33,4.547,4.33,19.55,32.65,1835,10,Attention
56.3,1.123,3.74,20.35,52.9,9622,3,Attention
51.15,1.64,4.02,18.51,39.31,9697,8,Normal
81.39,2.344,7.03,17.27,51.36,6559,9,Attention
65.49,1.742,5.39,16.34,38.12,5589,8,Normal
73.09,3.437,3.83,13.58,30.3,504,4,Attention
71.34,2.37,4.68,11.14,54.35,8051,6,Attention
80.84,2.246,5.0,15.18,56.43,4771,8,Attention
66.15,3.045,7.12,23.95,42.33,5945,9,Attention
44.62,2.742,3.63,16.99,47.36,9926,11,Normal
61.08,1.15,4.53,20.83,53.92,3266,3,Normal
76.33,0.933,4.26,19.64,58.12,7609,6,Attention
71.09,2.135,3.37,16.95,63.0,9485,10,Attention
61.61,2.102,4.61,22.17,41.58,9600,9,Attention
75.81,2.232,4.3,20.63,40.49,5966,5,Attention
69.88,2.036,5.06,11.06,49.19,8774,5,Attention
73.31,1.659,4.69,13.94,51.59,5667,14,Attention
62.49,1.51,6.88,22.46,35.08,6738,8,Normal
58.42,2.253,3.56,18.93,48.79,8003,6,Normal
63.65,0.971,5.65,23.38,37.31,1977,6,Normal
51.44,1.353,7.54,24.25,30.77,1440,7,Normal
78.02,1.578,5.02,22.75,39.75,9529,6,Attention
64.63,1.91,5.9,18.78,51.25,334,6,Normal
52.93,3.634,6.21,21.68,48.01,9065,7,Normal
79.49,1.732,6.39,21.87,37.27,7739,10,Attention
70.68,1.822,4.19,23.53,41.27,5729,2,Normal
53.05,1.885,5.55,15.88,34.65,1505,6,Normal
36.34,1.989,5.55,20.72,35.41,4413,7,Normal
73.95,2.394,6.99,13.79,42.36,2389,6,Normal
73.54,1.487,6.74,15.52,38.5,3492,3,Normal
65.08,2.965,4.57,8.16,33.81,2791,9,Normal
64.23,1.636,6.47,17.55,59.89,1924,7,Normal
79.1,4.102,7.33,21.1,26.24,1274,9,Attention
75.43,0.985,4.6,17.06,41.07,2170,9,Normal
62.99,2.699,3.03,18.56,51.12,1815,8,Attention
88.68,1.882,7.35,5.84,33.79,7535,9,Attention
72.4,2.847,3.63,19.26,52.59,7492,7,Attention
44.82,2.997,4.04,15.25,52.47,6460,6,Normal
66.54,1.653,4.7,16.94,57.79,5803,8,Normal
78.05,1.975,4.56,22.65,34.36,4358,6,Attention
59.61,1.457,6.62,21.78,62.17,2148,5,Normal
56.11,1.646,6.21,20.34,46.02,3583,7,Normal
81.75,2.853,4.6,9.59,51.26,1194,9,Attention
54.56,3.292,3.27,23.99,44.03,8280,4,Normal
73.9,1.478,5.49,21.02,27.08,8785,6,Attention
76.09,3.647,4.31,15.39,24.78,2329,3,Attention
70.62,2.87,4.17,15.44,57.49,7650,6,Attention
70.01,3.236,3.9,21.52,45.77,3733,7,Attention
70.78,1.013,5.79,17.82,42.49,5985,4,Normal
54.78,4.836,4.85,18.26,45.88,4343,4,Normal
53.79,1.99,3.8,15.76,33.08,2538,4,Normal
76.97,1.986,7.45,6.77,35.62,4279,12,Attention
70.56,5.575,4.85,18.9,26.89,9429,2,Attention
50.99,0.976,3.59,18.99,39.12,2198,5,Normal
68.11,1.613,5.37,11.5,52.66,9080,9,Normal
77.78,1.956,5.11,19.02,42.38,5473,5,Attention
56.24,2.075,7.17,15.1,48.99,4139,10,Normal
76.6,0.992,4.53,20.07,33.84,8163,4,Attention
98.39,1.722,7.12,18.37,45.22,4794,7,Attention
50.36,2.305,4.52,18.21,31.71,9886,6,Normal
63.66,2.725,5.66,18.0,32.42,9187,10,Attention
67.14,1.154,3.93,21.35,35.33,3108,7,Normal
86.52,1.753,5.41,20.57,51.85,2424,8,Attention
72.25,3.035,5.07,15.57,44.65,1392,2,Normal
80.73,2.509,5.56,13.74,49.37,9547,7,Attention
41.67,2.922,5.41,12.49,34.59,7808,4,Normal
59.92,2.216,3.67,17.26,43.21,2966,8,Normal
71.05,3.337,6.8,17.3,51.98,2926,7,Attention
55.68,2.094,6.74,13.43,32.29,9188,6,Normal
59.66,5.621,7.69,15.5,32.79,9534,7,Normal
68.91,1.6,5.48,21.81,23.57,981,9,Attention
85.24,2.184,5.36,18.74,38.08,6438,10,Attention
88.06,2.221,4.87,14.93,49.12,2837,7,Attention
76.77,1.988,5.36,19.44,36.49,1834,9,Normal
80.74,1.554,7.23,17.66,31.27,205,13,Attention
71.07,5.475,4.52,13.6,42.48,4015,3,Attention
65.05,0.494,7.36,18.0,40.57,1748,6,Normal
77.84,4.575,6.53,14.09,53.54,1754,14,Attention
65.34,2.902,4.75,15.85,36.07,1911,8,Normal
53.77,4.466,5.6,11.31,52.57,1750,4,Normal
79.11,2.26,5.45,13.99,43.13,6803,13,Attention
61.5,0.719,4.53,15.11,10.05,4817,9,Attention
86.97,5.119,5.37,16.88,37.94,7565,7,Urgent
71.21,4.08,6.17,19.27,50.75,3680,4,Normal
87.22,2.717,6.37,17.12,58.92,2748,5,Attention
77.13,1.267,6.54,12.74,47.84,355,7,Attention
57.7,2.119,5.75,14.89,19.9,2421,4,Normal
84.42,2.924,8.18,18.79,31.33,7750,9,Attention
79.18,1.425,4.1,13.06,17.08,6598,6,Attention
70.3,3.686,6.28,16.87,33.57,4677,6,Attention
56.6,1.694,2.72,13.94,34.36,570,9,Normal
60.46,2.843,2.18,15.14,43.68,5782,7,Attention
67.19,1.367,4.92,21.48,38.75,6972,6,Normal
72.23,3.725,7.01,14.92,56.87,6999,5,Normal
82.89,2.113,6.16,15.78,47.76,9364,4,Attention
60.16,2.021,7.19,20.29,44.06,6472,7,Normal
86.24,2.966,6.21,16.88,51.93,6223,5,Attention
77.66,2.763,5.29,14.88,41.83,2205,3,Normal
94.64,2.299,4.94,12.71,49.37,2040,10,Attention
75.33,1.648,4.99,27.39,41.89,8297,9,Attention
59.96,1.201,4.22,14.24,33.84,8891,7,Normal
56.52,2.424,5.93,12.15,60.81,2220,4,Normal
65.29,1.147,5.22,13.92,57.98,3209,9,Normal
74.16,3.203,6.08,17.28,48.3,5185,8,Attention
79.29,1.838,5.5,17.23,27.35,4944,7,Attention
65.17,2.163,6.33,23.45,48.01,5132,2,Normal
92.57,2.882,4.17,13.62,50.24,9450,5,Urgent
85.45,1.008,3.51,11.49,48.14,4063,7,Attention
61.26,1.697,4.36,13.31,56.2,134,7,Normal
39.12,2.735,5.83,25.79,43.25,5465,11,Normal
69.98,2.91,3.55,15.87,37.08,3267,10,Normal
67.53,3.333,4.73,23.75,42.25,3129,8,Attention
62.66,3.97,5.08,17.0,54.09,4601,13,Attention
75.59,1.06,6.36,16.32,39.15,8134,7,Normal
71.32,2.172,6.56,14.03,35.17,9985,9,Normal
65.43,4.126,6.0,14.07,30.1,8897,3,Attention
77.23,3.275,4.72,16.08,43.98,9979,8,Attention
71.61,2.082,4.31,18.79,55.42,8763,10,Attention
56.73,1.151,5.79,21.05,45.27,1342,7,Normal
60.88,2.272,5.5,15.98,61.18,8507,8,Normal
66.46,2.334,5.94,20.18,39.61,4312,4,Normal
72.7,2.299,5.7,16.42,33.93,2485,4,Normal
44.76,1.664,6.54,17.21,55.62,4676,2,Normal
60.28,1.649,4.16,20.36,19.43,7704,5,Attention
53.29,1.401,4.97,21.08,50.24,8167,4,Normal
67.64,2.486,4.37,23.91,30.94,2801,8,Attention
91.73,1.467,5.59,19.57,49.26,7430,8,Attention
61.62,4.726,3.91,21.69,41.01,4526,7,Normal
86.72,1.902,6.21,16.91,42.51,7171,8,Attention
57.83,2.651,5.87,22.63,40.05,6057,6,Normal
67.82,1.045,3.39,15.83,43.35,6790,5,Attention
98.89,1.247,4.58,15.73,42.03,2484,8,Attention
69.45,2.464,5.76,21.85,46.41,1667,7,Normal
49.26,1.941,6.97,14.44,37.13,528,5,Normal
90.15,1.264,5.49,17.44,42.93,834,6,Attention
78.9,1.553,3.33,20.11,33.49,2588,8,Attention
50.21,0.775,6.32,18.3,39.6,7675,10,Normal
87.79,1.488,6.34,15.99,49.66,7760,10,Attention
59.45,1.731,8.07,26.61,58.71,220,7,Normal
70.86,1.679,5.01,19.98,51.63,8891,9,Attention
71.33,2.436,6.85,11.16,38.41,6206,13,Attention
71.05,4.44,4.42,20.63,37.95,7426,10,Attention
64.74,0.797,4.11,12.77,55.03,942,5,Normal
69.01,3.075,5.11,23.88,20.45,3683,7,Attention
72.67,2.275,5.72,15.44,40.71,3089,5,Attention
57.96,2.301,7.67,24.66,37.79,5599,6,Normal
70.75,4.062,5.52,13.12,53.94,4446,10,Normal
73.41,2.0,6.03,16.44,48.25,1613,5,Attention
41.69,2.88,5.2,14.09,41.39,6928,12,Normal
85.87,3.325,5.49,14.92,24.02,8888,8,Urgent
79.76,3.132,4.76,18.32,53.82,1538,9,Attention
46.22,1.456,6.4,24.42,60.66,5472,7,Normal
65.87,2.745,5.29,12.25,57.19,6575,12,Normal
80.92,1.129,5.54,11.08,51.59,8473,6,Attention
48.62,1.263,3.35,15.28,34.77,9997,10,Attention
63.71,3.431,2.53,20.48,51.47,4670,6,Attention
59.21,2.042,5.71,16.76,63.66,2632,14,Normal
87.51,2.851,5.72,18.1,36.52,4667,8,Attention
61.33,1.803,5.18,14.31,38.01,4214,4,Normal
67.85,0.715,5.24,17.8,41.06,2218,6,Normal
65.0,1.375,4.87,20.45,50.77,4783,8,Normal
79.11,0.816,6.42,19.29,46.43,8426,10,Attention
71.95,2.482,6.76,13.53,43.24,8629,5,Attention
50.15,2.478,5.77,13.62,47.05,5793,4,Normal
44.45,2.175,7.23,21.39,49.49,4808,7,Normal
67.82,1.916,5.9,15.14,47.76,3143,5,Normal
59.25,3.648,6.13,16.59,52.61,6792,9,Normal
74.61,3.46,7.67,18.93,29.52,1348,7,Attention
62.51,2.116,5.89,14.05,47.71,6241,8,Attention
71.97,2.22,4.51,21.01,41.35,7490,7,Attention
57.55,1.268,6.85,14.37,46.69,7197,10,Normal
69.39,3.0,4.53,27.12,36.89,5027,8,Attention
70.25,6.765,6.35,10.57,35.36,4022,7,Attention
86.98,2.129,6.68,18.43,33.69,8546,7,Attention
71.64,1.254,5.62,18.61,34.7,8095,8,Attention
64.22,3.305,5.02,15.71,38.3,3813,10,Normal
85.05,4.214,6.2,21.41,44.73,3137,8,Attention
55.03,1.681,4.02,17.35,28.17,5659,5,Normal
78.4,2.67,5.87,23.06,39.03,4403,7,Attention
73.23,2.687,3.99,18.38,43.52,2312,11,Attention
63.68,3.399,3.86,19.01,43.08,7065,12,Attention
96.23,2.017,3.81,14.48,47.36,6621,7,Attention
52.22,2.331,5.66,14.3,26.99,748,15,Normal
64.94,1.39,4.54,20.86,33.56,9913,7,Normal
63.43,1.232,6.23,20.79,30.52,5118,5,Normal
81.03,1.702,3.6,16.56,24.57,5038,5,Attention
54.17,0.989,6.11,26.53,46.22,7917,5,Normal
82.76,2.621,4.67,16.91,37.23,5275,5,Attention
70.58,4.732,5.99,15.66,35.29,8363,5,Attention
56.1,2.557,7.39,11.99,44.57,8946,9,Attention
67.36,2.083,4.7,19.27,35.13,7413,6,Attention
53.05,1.662,5.44,18.76,44.46,3166,7,Normal
71.03,1.508,4.99,14.69,38.32,2820,8,Normal
45.25,4.072,5.59,17.87,55.22,291,5,Normal
67.93,2.415,3.4,15.35,61.55,4429,7,Attention
69.39,3.086,5.12,16.2,36.21,2228,8,Normal
68.95,1.632,5.03,21.17,58.33,1902,2,Normal
66.79,0.926,4.55,18.26,40.45,6164,9,Normal
78.66,5.06,6.34,25.88,42.21,2947,6,Attention
75.95,1.497,5.14,19.23,46.31,5049,8,Attention
51.42,3.088,5.78,20.88,48.2,9089,5,Normal
70.97,1.977,6.07,12.79,31.85,6825,6,Normal
47.74,2.403,4.59,16.65,38.61,6778,9,Normal
70.37,2.84,5.62,18.89,56.17,2629,4,Normal
69.7,3.498,5.53,18.98,19.19,1818,9,Attention
73.23,2.211,4.99,26.56,47.85,2857,7,Attention
83.09,1.979,5.61,17.03,45.71,8946,6,Attention
61.43,2.538,3.79,26.11,37.58,4240,7,Normal
38.67,1.804,7.19,21.7,51.92,5681,8,Normal
61.19,1.902,5.47,22.25,37.67,770,7,Normal
66.04,1.711,7.19,21.49,53.44,3169,11,Attention
72.17,3.174,4.84,13.27,54.79,3099,14,Attention
47.84,4.037,4.66,12.64,53.9,8712,11,Attention
69.56,1.961,7.93,24.03,26.07,4782,6,Normal
71.71,4.216,5.06,11.08,57.2,996,6,Normal
81.07,2.202,2.88,24.31,30.88,7812,7,Attention
83.17,1.295,4.74,9.82,38.16,3495,8,Normal
87.34,2.175,4.89,22.87,44.2,7183,6,Attention
61.38,1.721,3.52,14.13,36.04,3927,2,Normal
66.73,3.748,4.58,18.33,40.23,7004,6,Attention
69.36,3.022,3.81,18.89,33.91,7709,6,Attention
63.29,2.972,5.72,20.84,33.86,6282,6,Normal
67.12,1.04,5.16,20.04,39.84,2513,7,Normal
94.5,2.989,6.75,16.79,51.48,9168,6,Urgent
83.55,1.834,6.92,19.43,37.17,4167,7,Attention
70.15,2.804,5.24,12.67,30.71,9421,5,Attention
47.28,2.084,5.92,11.53,50.89,2027,5,Normal
77.89,1.64,6.37,16.08,32.95,2313,11,Normal
70.11,2.394,5.1,18.09,37.47,3341,10,Normal
57.27,1.876,5.95,16.3,50.71,4043,9,Normal
68.78,3.927,3.94,10.45,47.73,1231,9,Attention
67.9,1.916,4.64,10.41,62.55,1778,6,Normal
68.68,2.099,4.74,14.78,46.2,6979,12,Attention
57.01,1.938,3.84,25.3,49.75,6651,12,Normal
57.7,1.994,4.45,17.57,26.06,2882,10,Normal
46.77,1.861,4.97,18.87,53.99,3131,1,Normal
77.08,1.587,6.86,22.98,37.94,8302,16,Attention
60.92,1.815,5.67,18.81,59.34,3573,8,Normal
66.53,1.142,3.03,20.6,44.24,2302,10,Attention
63.28,1.694,6.01,10.79,15.96,1611,5,Normal
95.03,2.435,5.31,21.49,57.72,8040,8,Urgent
59.95,2.177,4.32,12.49,54.35,9136,6,Normal
63.96,1.763,4.88,13.63,35.04,8722,6,Attention
55.39,0.843,3.68,18.77,39.81,9541,5,Attention
62.62,1.671,5.24,12.12,44.42,7968,5,Attention
69.72,1.546,6.59,31.13,40.48,3437,4,Normal
63.08,1.154,5.05,22.92,37.46,9842,12,Attention
85.54,1.468,4.15,11.03,44.5,155,4,Attention
76.47,4.913,5.99,15.21,27.26,6573,5,Attention
51.64,3.671,4.7,19.8,48.53,3450,5,Normal
71.82,2.96,4.8,24.71,14.35,6309,4,Attention
66.54,1.45,3.59,20.06,24.39,6972,4,Attention
59.61,2.142,4.15,18.13,36.14,1176,7,Normal
76.0,4.205,5.11,15.67,50.65,708,9,Attention
59.32,1.781,4.38,22.14,37.2,4599,2,Normal
40.99,1.843,5.45,17.85,38.89,6140,8,Normal
56.86,0.812,3.62,13.86,42.67,7037,9,Normal
61.44,1.298,6.55,20.76,49.76,972,4,Normal
84.22,4.529,5.6,16.97,61.42,1929,8,Urgent
47.74,3.221,5.97,11.72,47.91,7498,4,Normal
57.88,0.9,6.17,20.28,48.17,394,7,Normal
48.9,1.061,7.9,11.57,34.69,9742,7,Normal
72.47,1.233,6.32,14.54,34.41,7541,4,Normal
55.74,0.999,6.2,24.58,28.43,5458,10,Normal
67.95,1.476,3.35,12.79,43.38,3298,8,Attention
80.39,2.343,7.43,11.39,30.65,3860,5,Attention
58.22,2.403,5.2,13.32,54.95,776,7,Normal
58.58,1.385,5.67,11.68,41.52,9779,3,Normal
62.55,3.768,5.93,14.33,27.86,4013,6,Normal
61.71,7.13,6.71,22.95,36.76,4187,11,Attention
59.7,2.342,6.05,24.68,32.87,4509,6,Attention
64.38,1.417,7.4,10.05,40.57,6776,16,Attention
68.16,1.809,4.61,14.43,41.39,8442,6,Attention
75.9,1.369,5.05,15.03,53.95,4549,9,Attention
58.62,2.025,6.42,20.44,22.71,1811,6,Normal
68.24,1.333,4.87,17.54,41.4,8095,12,Attention
81.32,1.071,6.91,16.46,50.18,6183,10,Normal
60.18,1.694,5.17,20.78,32.65,7035,9,Attention
65.86,1.015,4.46,16.54,41.96,3799,10,Attention
60.53,3.302,6.28,9.51,33.17,3783,5,Normal
70.69,2.286,4.96,15.19,52.58,143,7,Normal
63.61,2.386,4.25,22.47,47.77,5916,8,Attention
62.74,0.835,3.34,26.58,64.95,3696,6,Attention
57.07,2.209,5.06,16.42,44.03,8342,8,Attention
64.44,1.095,2.76,16.31,40.69,3035,4,Normal
75.29,2.353,4.27,16.38,21.69,4862,8,Attention
60.68,3.131,8.03,10.16,38.28,1073,4,Normal
58.56,2.503,5.73,12.97,35.02,4397,8,Normal
82.81,3.413,3.46,13.98,41.96,3269,11,Attention
79.76,1.215,3.78,19.51,40.72,8381,7,Attention
82.32,1.103,6.29,25.01,22.36,3595,6,Attention
61.38,3.195,5.99,21.5,34.0,7672,5,Normal
75.82,1.126,6.65,18.51,44.3,665,8,Normal
98.91,2.525,6.16,22.01,45.84,4725,6,Attention
82.85,1.944,4.59,9.81,55.56,7856,9,Attention
79.24,2.164,5.3,17.27,35.27,2156,8,Normal
61.35,6.627,5.27,18.67,30.6,6357,5,Attention
67.72,1.666,5.25,17.55,26.7,4332,9,Attention
64.64,1.313,4.58,24.9,39.97,8888,2,Normal
71.95,3.068,4.76,12.3,61.17,960,9,Normal
84.84,2.664,3.53,26.76,59.07,7044,8,Urgent
77.66,2.079,4.51,16.37,12.78,3482,7,Attention
58.86,1.87,3.35,11.09,51.83,2597,8,Attention
63.72,2.459,5.05,20.9,48.02,4899,5,Normal
82.31,1.719,6.32,19.26,49.64,7753,8,Attention
72.67,3.717,5.62,17.86,52.98,6785,8,Attention
93.61,3.839,6.17,18.12,45.9,1239,7,Attention
62.59,2.122,5.35,15.91,44.06,4238,5,Normal
72.28,1.64,7.16,19.38,41.11,7567,7,Normal
63.32,2.037,4.85,22.28,53.18,9471,5,Normal
74.64,2.81,4.97,24.84,55.21,8067,6,Normal
53.74,3.342,7.19,19.51,52.65,2645,8,Normal
75.71,0.651,5.92,18.16,48.72,9086,10,Normal
79.61,4.18,4.78,12.05,29.46,6985,15,Urgent
70.78,1.637,6.15,23.17,43.11,8792,7,Normal
79.02,1.215,4.0,21.63,40.04,4053,6,Attention
67.52,4.145,6.62,18.76,36.26,1872,6,Normal
79.12,3.503,3.97,17.43,45.54,1251,6,Attention
46.97,1.015,5.7,11.79,46.9,8068,10,Normal
78.22,2.069,5.64,15.98,35.26,2147,7,Normal
69.4,2.048,4.8,17.26,23.94,7826,7,Attention
59.78,1.267,6.5,21.87,51.6,7565,6,Normal
65.93,2.054,5.87,17.89,25.03,7456,6,Normal
77.23,5.759,1.61,22.57,50.53,3152,8,Urgent
71.75,4.651,5.33,19.67,52.4,5974,4,Attention
88.63,3.616,5.13,19.33,42.87,9560,4,Attention
95.26,2.173,4.49,21.03,33.91,1026,8,Attention
50.94,1.661,4.82,21.21,48.1,6809,9,Normal
73.0,3.313,4.2,24.17,23.95,8443,2,Urgent
59.99,1.841,6.6,22.59,46.19,7144,10,Normal
66.35,1.625,4.35,14.02,32.79,5322,7,Normal
64.0,1.531,4.14,14.89,57.63,2275,4,Attention
63.41,1.872,5.26,12.09,45.06,5089,7,Normal
70.02,2.297,5.72,14.9,26.61,3944,5,Normal
63.28,1.476,2.87,14.24,49.67,5660,12,Normal
66.85,2.766,7.42,17.77,37.96,4452,8,Normal
49.14,3.455,7.63,18.03,58.1,1766,5,Normal
66.09,1.936,5.24,19.02,53.85,3991,5,Normal
48.4,2.21,6.84,17.68,36.34,5875,5,Normal
65.61,1.96,6.19,15.28,52.01,5423,5,Normal
77.09,2.022,7.05,15.44,47.68,836,9,Attention
41.93,1.842,4.57,11.16,49.64,7689,10,Normal
79.29,1.634,6.42,22.41,49.57,2810,7,Normal
80.86,1.452,6.15,21.27,43.54,1427,7,Attention
67.93,2.838,4.45,13.8,28.37,9589,8,Attention
69.38,1.186,5.66,18.42,41.94,2568,9,Normal
82.63,4.599,6.0,19.95,33.11,101,5,Attention
61.88,2.63,4.45,14.02,48.35,6058,3,Normal
51.74,3.063,4.82,21.26,42.92,1612,8,Normal
87.3,2.993,5.98,21.31,40.02,1101,4,Attention
73.74,1.237,7.48,14.31,41.86,220,10,Normal
65.46,2.456,5.88,20.2,33.87,6488,6,Normal
78.02,3.662,4.41,18.03,32.99,3049,8,Attention
68.34,1.189,5.86,18.96,47.75,495,17,Normal
82.08,1.554,4.16,19.46,36.45,5981,4,Attention
84.47,1.195,3.31,6.91,46.3,7718,8,Attention
79.49,3.096,5.16,18.4,50.27,2134,8,Attention
89.71,1.264,4.55,26.05,39.95,2733,7,Attention
59.06,2.51,6.18,14.51,38.05,2981,12,Normal
79.81,6.159,5.03,22.9,42.69,3552,5,Attention
61.83,2.628,5.27,20.06,31.74,9541,7,Attention
61.88,3.633,5.94,14.06,50.89,4194,13,Normal
72.98,1.327,2.9,24.51,49.35,3517,6,Attention
80.05,3.576,6.1,15.45,53.04,3953,6,Attention
60.52,2.581,7.95,18.56,40.28,9111,9,Attention
60.61,1.196,4.51,14.4,46.18,8686,5,Normal
103.24,1.076,6.77,23.07,61.86,3481,9,Urgent
53.23,1.417,3.82,16.12,43.3,2411,8,Normal
54.14,4.483,5.51,19.7,30.54,8646,7,Normal
78.23,1.313,4.16,18.68,46.33,8673,7,Attention
51.01,1.605,5.13,21.67,48.45,5419,7,Normal
59.81,0.762,5.39,11.72,59.89,7629,10,Normal
68.4,2.455,4.61,17.91,51.22,2681,3,Normal
70.17,5.562,5.14,19.09,57.49,5626,8,Attention
59.78,1.359,6.29,15.51,45.5,6606,3,Normal
60.48,1.731,5.64,15.86,44.29,9787,5,Normal
60.59,5.251,4.1,14.71,32.8,3894,7,Normal
70.15,1.334,6.67,12.93,51.62,8380,4,Normal
68.74,1.487,3.9,23.85,48.36,1580,5,Attention
60.14,1.745,5.57,13.57,49.95,4643,9,Normal
56.56,1.546,5.39,19.13,35.97,8239,6,Normal
62.01,1.875,6.68,14.66,49.11,3662,9,Normal
68.57,2.997,7.55,17.41,61.65,3931,8,Normal
70.73,2.052,7.52,9.37,55.68,8579,6,Attention
78.32,2.554,5.92,12.69,51.38,1497,10,Normal
59.36,2.578,6.27,20.57,45.75,466,9,Normal
62.94,2.72,6.89,10.55,51.04,2633,3,Normal
72.92,1.748,5.75,12.5,53.01,555,4,Normal
54.38,1.662,5.63,15.93,38.2,9931,9,Normal
71.48,2.864,4.9,19.91,37.96,7889,5,Attention
79.55,1.73,4.62,15.81,37.0,4731,4,Attention
83.54,1.638,5.24,29.2,34.12,1147,5,Attention
69.64,3.031,4.72,18.75,27.15,3279,2,Normal
80.23,2.311,5.14,20.91,51.9,5682,2,Normal
78.63,2.646,3.59,21.3,34.27,8457,6,Attention
59.67,2.357,5.1,12.51,40.72,2613,7,Normal
74.86,4.044,5.98,16.54,36.84,1212,10,Attention
66.5,1.971,5.1,17.52,53.59,9550,15,Normal
55.87,1.953,4.63,17.49,45.91,4639,8,Normal
73.51,1.692,5.72,23.04,23.54,513,5,Normal
58.84,1.219,7.18,22.0,40.72,142,3,Normal
55.66,1.584,7.9,22.14,51.88,1489,7,Normal
68.29,5.143,5.52,19.01,56.31,3163,8,Attention
94.69,3.542,5.25,18.2,41.28,1876,6,Urgent
72.64,2.382,7.98,14.63,32.76,3773,6,Normal
83.32,2.703,3.45,15.14,51.99,102,7,Urgent
76.68,3.917,6.46,18.28,23.51,220,8,Attention
66.92,2.678,4.95,22.98,45.99,1403,9,Normal
82.83,1.462,5.85,22.16,45.62,7380,4,Attention
65.21,2.862,7.23,13.67,44.33,4753,7,Normal
66.69,2.177,5.85,12.23,43.62,3594,5,Normal
99.78,1.293,6.49,12.11,37.56,9356,7,Attention
52.18,1.335,5.85,13.58,46.31,1134,1,Normal
51.32,1.448,5.47,12.2,38.08,3366,4,Normal
58.24,1.606,6.36,17.48,33.53,5682,8,Normal
65.37,4.379,4.84,19.94,41.56,3757,8,Attention
54.34,2.26,5.19,22.92,45.5,8848,6,Normal
74.36,2.137,5.96,10.4,49.96,2288,10,Attention
65.18,2.861,5.07,16.35,48.66,403,5,Normal
69.31,2.68,5.51,19.36,20.0,9869,3,Attention
55.21,3.979,5.76,13.61,37.26,45,7,Normal
78.9,1.7,4.29,13.37,28.96,4036,6,Attention
91.07,2.102,4.19,20.82,59.44,1167,8,Attention
73.05,0.968,3.98,16.71,38.0,1545,9,Attention
70.19,1.415,6.43,13.48,34.24,4501,7,Normal
62.18,1.38,6.13,18.17,38.52,8690,8,Attention
57.19,2.501,3.9,7.69,31.22,9232,9,Attention
44.82,3.88,4.9,27.1,36.08,3853,4,Normal
62.21,6.718,4.23,17.92,36.72,3667,9,Attention
85.43,1.097,2.84,21.02,44.12,6832,7,Urgent
53.6,4.679,5.78,19.03,48.32,5703,3,Normal
85.58,2.963,5.54,19.09,41.15,3757,6,Attention
72.25,1.857,6.69,20.05,35.61,7199,8,Normal
59.52,1.928,3.7,15.49,54.81,4959,9,Attention
63.85,3.522,4.95,19.07,35.46,2011,8,Normal
84.39,1.794,3.05,21.48,51.91,4669,5,Attention
56.27,1.3,4.4,20.99,46.97,8962,5,Normal
75.17,1.568,4.89,14.67,23.22,2970,8,Attention
74.07,1.669,4.83,14.61,27.53,6177,9,Attention
73.56,2.744,6.25,19.93,21.11,1180,6,Attention
65.24,2.208,4.83,17.28,43.29,6517,4,Normal
73.95,3.438,7.37,18.68,47.0,133,5,Attention
72.92,2.401,4.09,15.94,33.83,5059,4,Normal
62.51,3.137,6.01,16.85,45.01,950,11,Normal
50.96,1.509,3.97,19.12,55.81,8339,5,Normal
68.99,0.993,6.78,15.88,30.56,439,8,Normal
47.77,2.091,6.33,26.2,41.49,7437,8,Normal
63.61,1.427,4.84,20.47,32.42,4236,5,Normal
56.86,3.369,6.17,12.52,27.96,3851,4,Normal
79.98,2.509,5.54,20.63,31.3,6894,7,Attention
76.18,3.27,5.86,19.86,56.64,5701,6,Attention
46.0,1.535,5.46,17.16,34.05,517,6,Normal
70.65,0.977,6.38,21.02,51.29,6479,8,Normal
72.89,1.8,4.89,20.26,60.66,4703,6,Attention
66.5,2.129,5.89,16.74,32.22,5847,7,Attention
59.54,2.272,6.59,18.45,43.77,4443,8,Normal
48.89,3.77,5.69,20.63,41.08,7851,13,Attention
45.12,2.028,6.05,20.46,46.42,8520,12,Normal
75.26,1.623,6.35,19.73,47.25,1655,5,Attention
71.67,3.043,5.5,18.44,39.73,8213,10,Attention
43.15,2.86,6.51,20.53,50.66,1373,7,Normal
52.96,2.315,5.36,27.89,46.61,5614,4,Attention
61.07,4.106,5.39,18.35,46.06,4312,4,Normal
77.55,3.257,5.4,21.6,53.17,2613,7,Normal
77.63,2.574,6.97,18.84,36.78,1083,7,Normal
74.56,2.535,4.24,16.85,36.96,4097,6,Attention
54.66,0.908,6.53,16.18,25.84,8747,12,Normal
59.99,0.899,6.97,17.2,36.93,9523,3,Normal
75.04,1.247,4.76,14.93,28.63,6517,9,Attention
65.41,2.457,7.22,21.32,49.92,8304,6,Normal
53.66,3.342,4.39,19.48,32.84,9559,11,Normal
64.39,2.162,7.46,22.44,38.96,8367,6,Normal
64.73,2.83,5.13,15.5,44.96,5069,5,Normal
82.42,1.584,6.45,22.67,31.89,6916,12,Attention
77.09,2.285,8.3,12.59,48.53,4408,13,Attention
87.3,2.173,4.52,28.01,28.64,5597,6,Attention
77.72,1.856,4.4,13.95,55.47,4938,10,Attention
60.63,2.027,4.86,17.23,31.75,8637,6,Attention
72.46,2.018,4.54,18.15,55.7,9668,6,Attention
80.79,2.416,6.31,26.92,49.92,6252,6,Attention
78.14,2.004,3.86,10.42,45.07,4606,7,Attention
70.86,1.781,7.77,14.02,48.4,2218,4,Normal
88.82,6.892,3.38,19.44,37.59,8826,5,Urgent
67.51,1.807,3.41,15.72,39.64,4142,9,Attention
63.4,3.511,5.11,15.17,44.37,8455,7,Attention
77.22,1.401,4.96,21.29,35.44,3112,8,Normal
79.99,2.764,3.99,18.38,36.81,1292,6,Attention
59.29,5.851,5.44,20.63,49.65,5207,6,Normal
79.61,0.942,6.78,24.66,60.13,1771,5,Normal
52.85,2.936,7.69,18.92,46.44,6079,6,Normal
67.85,2.942,5.09,21.67,41.49,8923,5,Attention
62.33,3.352,6.1,18.83,36.15,501,9,Normal
55.94,1.166,6.09,21.74,45.19,2938,12,Normal
67.83,2.046,7.17,13.47,42.69,9530,6,Normal
85.01,1.423,5.49,10.16,45.22,6372,5,Normal
61.41,4.149,3.99,22.48,40.95,1281,9,Normal
66.53,2.578,6.88,18.22,39.44,913,7,Normal
64.86,3.187,3.53,17.96,53.5,5746,5,Normal
63.63,1.542,6.09,18.45,38.9,1462,6,Normal
95.3,1.804,6.47,22.21,59.74,2840,7,Attention
64.79,3.94,4.08,22.67,45.37,5176,11,Attention
56.86,1.73,4.64,16.76,39.88,5048,6,Normal
73.81,1.555,4.18,21.96,67.05,3093,7,Attention
70.7,2.371,6.65,21.42,38.93,1168,9,Attention
64.56,2.853,6.51,18.61,43.34,4321,2,Normal
46.47,3.376,6.5,18.95,44.36,931,9,Normal
72.98,2.465,6.05,16.33,28.01,9477,5,Attention
88.83,1.184,5.08,9.94,36.27,2463,5,Normal
70.08,1.266,4.76,19.51,38.04,7342,3,Normal
84.05,2.243,4.69,23.21,54.39,1000,7,Attention
68.85,2.722,4.18,16.56,36.48,770,7,Normal
72.72,2.754,4.19,17.3,31.38,7095,4,Attention
69.41,1.489,7.64,18.58,45.51,5259,7,Normal
62.17,1.989,6.57,16.95,42.33,5742,6,Normal
64.58,4.694,4.65,18.86,39.47,7435,6,Attention
69.61,2.027,4.63,14.66,62.89,9135,10,Attention
61.34,2.177,6.14,14.1,43.33,3045,10,Normal
75.42,0.96,4.46,15.13,30.85,5297,8,Attention
79.22,1.506,4.91,16.77,41.52,7249,3,Normal
74.1,2.193,5.61,12.58,35.51,4844,12,Attention
70.71,1.071,5.67,14.93,36.57,877,5,Normal
73.61,3.035,6.82,15.38,44.85,307,4,Normal
74.39,2.832,4.39,20.63,30.46,2349,1,Attention
81.4,2.665,5.77,15.98,36.44,1291,8,Attention
44.16,2.126,6.29,19.31,60.69,4997,4,Normal
86.52,2.181,4.32,23.06,52.12,8119,8,Urgent
66.4,2.053,4.65,15.43,34.17,5241,8,Normal
94.88,2.011,4.67,24.3,50.74,7969,7,Attention
87.08,2.418,7.15,18.67,49.87,4822,11,Attention
71.46,5.537,3.6,16.53,49.53,5239,2,Attention
71.6,1.461,7.63,25.81,52.56,3908,6,Normal
62.99,3.211,5.75,10.81,45.29,3974,16,Attention
77.09,2.147,4.53,25.78,37.7,1282,6,Attention
66.45,1.109,5.38,17.73,37.65,1471,12,Normal
80.08,1.993,4.38,12.51,30.8,7485,7,Urgent
61.12,1.543,5.56,17.01,54.5,324,5,Normal
43.4,5.364,5.19,26.04,38.58,6789,7,Normal
61.59,2.722,3.58,17.72,72.27,3558,8,Attention
80.81,4.011,5.88,20.9,45.74,1439,11,Attention
66.08,2.195,6.51,15.82,44.07,4582,10,Normal
70.72,2.486,9.44,22.67,48.9,5310,5,Attention
56.05,1.036,6.47,17.42,41.94,4352,3,Normal
67.74,4.142,4.28,16.13,39.61,6780,6,Attention
74.01,1.397,5.81,13.69,44.19,4815,6,Normal
99.54,2.296,3.47,7.52,52.91,9313,6,Urgent
69.02,3.507,4.94,22.76,44.36,948,11,Attention
66.0,3.244,2.93,27.84,45.85,506,7,Attention
69.68,2.676,6.76,17.11,38.86,100,7,Normal
74.23,1.438,4.77,23.95,34.02,9005,6,Attention
75.82,4.52,5.93,14.41,48.24,4563,6,Attention
93.59,2.079,6.18,19.08,42.54,4914,5,Attention
52.1,3.865,5.48,18.15,51.01,6010,9,Normal
65.98,2.696,6.12,22.63,42.29,8243,6,Normal
62.73,2.222,3.96,20.05,40.49,6376,11,Attention
66.74,0.855,6.78,17.04,32.02,1391,8,Normal
55.34,5.114,5.93,15.34,38.13,1893,5,Normal
55.13,2.37,5.24,26.63,49.98,62,4,Normal
80.77,2.125,2.87,10.91,34.03,213,5,Attention
62.8,2.898,5.17,22.02,44.35,1923,8,Normal
58.09,2.743,6.35,11.88,34.96,9041,9,Normal
82.32,1.717,4.65,13.55,54.45,7854,6,Attention
63.99,1.961,5.84,13.52,49.02,241,6,Normal
42.69,1.211,4.5,18.52,26.01,2927,11,Normal
54.66,1.242,6.02,16.45,48.04,1767,6,Normal
55.07,1.567,6.48,17.01,38.75,3814,9,Normal
62.12,1.675,2.47,14.47,30.13,3457,8,Attention
72.4,5.33,4.7,10.74,27.38,7736,9,Urgent
63.1,2.221,4.43,13.08,33.19,8344,4,Attention
58.29,1.237,2.8,22.13,40.18,8314,4,Attention
85.24,3.063,6.48,20.55,44.01,5421,7,Attention
59.69,2.792,4.85,11.52,45.82,5253,8,Normal
75.77,5.491,3.82,18.28,44.59,1259,9,Attention
71.22,1.175,6.09,16.23,34.03,9804,12,Attention
41.67,2.91,6.55,23.27,22.37,7136,6,Normal
54.73,1.549,6.19,17.83,45.85,3157,8,Normal
59.01,3.752,5.33,15.93,31.7,807,5,Normal
76.8,1.66,4.86,14.14,56.12,5339,10,Normal
79.54,2.491,5.07,19.61,46.63,5646,7,Attention
78.31,2.447,5.81,14.17,58.78,5500,6,Attention
77.68,1.784,5.58,20.63,49.68,2104,3,Normal
72.87,1.528,4.75,14.38,23.03,2206,11,Attention
66.47,2.716,5.58,19.86,42.58,7924,12,Normal
81.98,0.493,5.24,16.11,48.07,2774,8,Normal
44.25,2.803,3.34,16.57,44.27,8733,4,Normal
80.99,1.313,4.97,16.82,47.94,7039,2,Normal
47.4,0.756,6.55,21.14,33.38,4395,11,Normal
53.54,1.658,5.86,22.13,38.13,5839,7,Normal
49.47,1.661,3.95,18.0,47.16,3920,4,Normal
93.0,1.701,4.29,24.56,38.94,6724,10,Attention
78.68,2.696,4.27,14.07,47.66,7924,7,Attention
66.04,2.988,6.06,18.85,49.72,6556,11,Normal
75.14,2.702,5.97,17.14,50.2,5086,7,Normal
56.76,1.798,6.62,14.88,47.79,8914,9,Normal
67.51,3.528,5.08,16.68,31.02,3562,9,Normal
59.24,2.876,5.98,21.87,51.24,3947,7,Normal
47.42,3.377,3.26,22.24,52.37,7325,9,Normal
84.09,3.01,5.52,14.93,43.11,3587,4,Attention
55.88,1.504,3.54,15.42,60.04,6920,8,Normal
76.72,2.49,5.7,17.83,39.37,3546,6,Attention
59.92,5.664,6.28,21.29,29.87,7593,3,Normal
68.77,2.532,3.54,17.9,32.16,5662,6,Normal
84.62,3.6,1.97,19.66,56.19,519,12,Attention
65.32,1.288,4.52,15.59,54.01,8520,4,Normal
85.9,1.53,5.17,16.4,51.6,8975,5,Attention
78.8,2.134,4.67,14.06,27.79,784,4,Attention
106.99,3.45,9.1,31.52,62.77,5170,5,Urgent
57.06,1.143,6.46,14.9,27.98,3448,3,Normal
75.75,3.607,3.97,10.56,43.23,273,7,Attention
66.01,1.813,7.07,18.11,27.81,9312,3,Normal
64.43,4.231,6.45,9.21,54.26,8771,6,Attention
64.34,1.873,5.18,23.26,38.15,479,3,Normal
56.34,1.032,5.92,16.54,42.48,742,7,Normal
84.42,2.861,4.89,11.91,41.82,5749,9,Attention
100.94,2.361,5.5,19.01,60.31,9226,3,Attention
79.11,5.27,4.34,20.13,44.4,146,5,Attention
40.91,1.291,5.25,22.09,51.61,2712,6,Normal
50.17,3.017,7.0,21.64,45.82,9578,9,Normal
60.62,2.93,6.03,12.63,49.72,9437,6,Normal
72.85,2.0,5.79,10.86,52.14,9905,9,Attention
66.21,1.827,5.59,11.5,35.7,79,6,Normal
63.25,2.82,3.06,8.33,46.05,3037,14,Attention
79.38,1.044,5.21,19.93,43.75,5980,9,Attention
83.93,3.118,5.55,15.45,49.39,2382,4,Attention
88.89,4.584,6.57,16.56,30.11,5627,2,Urgent
59.58,3.077,7.03,12.82,45.71,6405,8,Normal
60.47,1.795,6.15,13.89,47.2,8061,6,Normal
66.92,3.442,6.19,16.41,45.04,4220,5,Normal
52.52,2.323,4.57,22.56,40.34,8803,14,Attention
66.85,2.652,4.63,18.64,45.36,1320,8,Normal
50.83,2.086,5.95,21.57,41.0,8422,9,Normal
60.75,2.578,4.59,17.74,49.17,3683,4,Normal
80.1,2.984,5.49,20.86,52.35,7352,6,Attention
83.22,2.729,5.07,24.54,36.36,7212,5,Attention
72.36,0.837,5.48,15.18,38.14,5349,7,Normal
52.75,1.664,5.41,19.97,43.45,847,7,Normal
75.14,1.772,4.28,19.1,29.97,2535,7,Attention
59.87,2.584,7.05,17.27,41.66,1283,7,Normal
75.15,4.462,5.64,17.15,39.59,5836,14,Attention
71.4,1.765,3.67,15.54,60.99,8265,3,Attention
59.02,2.477,6.9,25.14,49.31,5622,7,Normal
57.06,1.398,6.12,20.23,48.25,8415,6,Normal
45.78,1.9,4.77,20.95,31.97,3771,9,Normal
61.22,1.415,5.56,17.35,38.51,9276,6,Normal
77.85,1.044,4.57,27.02,28.57,5668,10,Attention
61.54,1.166,4.64,17.73,47.88,7268,11,Normal
80.7,2.267,5.58,20.15,34.04,5850,5,Attention
62.28,2.363,6.47,20.73,24.19,6719,5,Normal
73.14,5.485,5.79,23.59,50.97,934,6,Attention
55.28,2.473,4.93,18.67,38.82,3112,6,Normal
55.27,1.663,6.07,13.8,55.69,6687,9,Normal
62.85,1.707,3.25,18.95,49.3,2370,8,Attention
74.43,3.188,6.98,23.71,42.75,6775,4,Attention
60.59,1.737,5.65,20.15,63.86,5447,8,Normal
63.33,2.316,6.54,19.24,60.28,9243,1,Normal
66.21,5.706,4.96,23.32,23.12,9745,8,Attention
84.08,2.948,4.21,13.27,40.98,6428,6,Attention
75.86,1.065,4.65,20.24,52.15,2977,5,Normal
71.01,1.109,7.03,18.05,46.28,5713,12,Attention
61.79,1.061,5.11,16.17,59.36,2715,9,Normal
84.05,2.046,3.92,18.73,41.75,1953,8,Attention
61.0,2.425,5.72,18.14,33.15,3450,6,Normal
39.08,1.522,5.86,17.68,48.34,2572,10,Normal
63.76,1.683,5.19,24.74,53.63,1788,5,Normal
66.61,3.701,6.92,19.28,49.07,4166,7,Attention
76.95,6.123,7.51,15.51,54.13,8320,11,Urgent
84.0,2.242,6.17,17.01,62.36,2173,8,Attention
83.03,1.977,4.05,17.41,61.55,2062,9,Attention
65.2,1.623,7.21,21.73,41.22,3389,11,Normal
55.65,1.661,4.4,23.96,16.36,1617,6,Normal
60.82,2.458,4.93,17.32,39.59,4829,8,Normal
54.5,3.517,5.26,15.61,43.36,4822,8,Normal
79.36,3.538,4.57,17.74,44.07,3384,6,Attention
87.17,1.35,5.71,12.76,45.12,3905,3,Normal
70.03,3.526,6.62,20.86,30.21,6055,7,Normal
68.46,1.253,5.59,15.46,51.63,5036,10,Normal
73.34,4.031,6.35,18.33,36.61,4621,9,Attention
74.66,1.77,7.69,14.83,30.91,7896,7,Attention
66.33,2.829,5.17,15.23,40.34,3464,5,Normal
53.49,1.855,5.57,12.01,53.24,5958,2,Normal
82.03,1.929,6.61,25.99,35.38,2648,5,Attention
76.77,0.966,4.18,15.86,42.03,4838,6,Normal
73.06,0.678,4.89,13.63,50.31,5760,10,Normal
42.78,2.201,4.29,19.72,56.1,1711,4,Normal
65.43,2.006,5.85,12.94,46.91,2033,7,Normal
64.48,2.179,4.67,18.43,53.81,7093,14,Attention
65.16,1.952,4.47,19.68,50.37,3022,4,Normal
60.05,0.838,6.22,16.94,40.65,5226,5,Normal
59.92,2.407,4.78,17.25,25.74,7498,10,Attention
67.56,4.853,5.71,16.98,24.44,4493,4,Normal
77.2,4.078,4.73,15.64,44.47,2383,3,Attention
62.5,2.348,3.56,20.83,39.34,419,7,Attention
84.31,2.565,3.12,19.12,48.7,697,13,Attention
62.96,2.893,3.29,13.96,44.12,3126,6,Normal
73.32,1.466,3.58,18.07,40.37,9989,6,Attention
42.63,3.361,4.73,21.84,45.49,6850,5,Normal
66.37,2.788,6.23,18.89,60.31,8162,11,Attention
69.17,1.51,5.66,18.31,34.26,1034,7,Normal
42.36,3.263,4.11,15.95,56.43,2942,3,Normal
68.99,2.039,4.36,18.68,33.37,7074,3,Normal
63.09,2.721,5.7,19.52,46.19,2290,8,Attention
71.96,3.897,5.37,18.83,42.67,6533,6,Attention
81.48,1.783,4.02,16.26,26.99,3446,3,Attention
64.91,1.783,5.46,12.6,50.67,5845,11,Normal
47.07,2.859,6.29,17.17,44.83,7580,12,Normal
59.02,1.924,7.52,23.82,36.01,1599,7,Normal
59.38,2.259,6.17,20.96,42.01,5718,4,Normal
87.54,4.131,3.59,16.47,36.9,4021,5,Urgent
70.27,1.738,5.83,16.89,35.15,374,4,Normal
69.13,2.12,5.91,15.67,52.24,869,7,Normal
73.36,3.06,4.87,12.56,40.92,3119,6,Attention
66.85,6.614,4.95,17.3,50.11,1193,3,Normal
83.04,1.989,3.68,14.21,48.04,6676,3,Attention
63.19,3.298,6.91,17.42,35.98,6009,6,Normal
40.86,3.634,4.13,15.2,38.31,7695,15,Normal
59.63,1.213,7.02,18.8,55.7,9370,6,Normal
81.47,1.997,5.26,26.57,39.64,2789,12,Attention
70.62,5.048,5.54,24.21,26.29,9539,3,Urgent
85.37,1.934,5.67,20.99,35.62,1965,4,Attention
60.85,1.338,4.77,16.56,43.73,1218,6,Normal
70.55,4.121,5.83,24.76,46.02,2386,9,Attention
50.1,1.917,5.9,16.68,29.94,9905,4,Normal
76.11,1.692,6.68,26.71,49.3,4695,8,Normal
42.81,3.963,6.47,21.88,29.19,5477,11,Normal
66.82,0.587,3.56,17.76,41.38,5232,7,Normal
72.3,4.305,3.76,19.45,34.02,5394,12,Urgent
60.88,3.037,4.96,22.64,42.54,5992,7,Normal
81.7,1.705,5.92,17.34,44.73,4544,4,Normal
64.63,4.522,4.89,23.26,30.73,5527,8,Attention
75.89,4.706,5.13,10.63,48.95,7947,7,Attention
74.26,2.043,6.37,20.0,18.33,445,8,Attention
75.21,1.246,4.52,17.18,27.43,1052,6,Attention
46.88,1.465,4.85,23.59,38.69,4317,5,Normal
58.45,1.132,5.6,19.57,36.93,8991,7,Normal
58.61,3.833,4.83,13.62,49.9,9045,6,Normal
53.55,3.798,3.84,23.89,27.99,1420,6,Normal
76.36,4.042,4.64,23.47,44.45,6029,8,Attention
60.88,2.086,6.32,23.54,19.84,4902,3,Normal
79.06,1.42,5.02,25.99,32.4,6528,5,Attention
65.91,2.606,5.74,14.99,42.49,9213,6,Normal
78.2,7.787,6.95,20.93,38.66,6898,2,Urgent
61.62,6.006,6.09,14.29,49.13,7005,4,Normal
63.76,1.578,4.11,21.71,26.72,2430,7,Attention
78.67,1.64,4.34,16.43,29.22,497,6,Attention
55.97,4.095,6.32,16.97,52.7,2778,8,Normal
74.2,1.194,5.08,25.35,33.82,9046,1,Attention
56.3,2.869,6.65,18.92,37.97,8167,7,Normal
77.34,2.599,5.71,14.9,38.81,7841,8,Attention
68.96,2.306,4.57,12.5,54.04,8754,9,Attention
60.93,3.69,4.94,15.84,66.04,7970,4,Normal
70.43,1.975,5.15,16.15,51.76,386,4,Normal
72.68,2.493,4.4,23.4,40.43,2982,11,Attention
75.85,3.869,6.2,19.09,31.0,7317,10,Attention
58.9,1.48,6.54,11.95,56.81,9923,7,Normal
84.38,3.165,3.08,16.54,20.19,568,6,Urgent
81.82,3.661,7.05,19.92,51.78,6881,7,Attention
45.79,1.694,6.8,17.78,68.43,9850,6,Normal
84.4,2.922,6.27,19.43,26.9,2082,3,Attention
75.41,3.416,4.5,21.12,38.89,5420,6,Attention
48.91,3.07,4.95,14.26,45.23,5005,12,Normal
61.09,4.013,4.71,17.79,34.55,7970,7,Normal
72.81,2.16,5.86,24.88,45.8,3596,7,Normal
71.15,1.875,4.86,15.48,37.89,2621,12,Normal
88.97,1.183,4.78,19.33,23.12,1178,8,Attention
83.0,2.074,4.04,13.62,28.62,4458,8,Urgent
63.1,1.754,5.35,21.21,52.51,1712,9,Normal
58.79,2.033,5.73,19.71,34.29,9009,10,Normal
49.93,3.171,5.75,21.07,56.11,3183,8,Normal
62.9,1.91,5.17,19.04,35.19,9741,8,Attention
59.91,3.57,5.08,15.7,26.09,5206,10,Normal
86.6,2.506,1.53,13.62,42.04,3268,8,Urgent
72.6,2.23,4.57,14.92,39.58,2444,3,Attention
70.92,2.833,4.67,8.38,44.49,3796,4,Normal
62.95,2.619,8.21,25.76,40.76,4116,4,Attention
54.56,2.758,3.48,16.78,57.97,721,10,Normal
81.65,4.134,5.83,10.76,34.4,6899,9,Attention
45.56,2.988,5.42,23.71,34.3,1687,6,Normal
85.56,1.734,5.91,20.95,41.51,8967,7,Attention
70.71,0.536,4.8,22.69,38.61,3212,13,Attention
88.17,2.628,4.86,16.23,31.08,6052,3,Attention
80.05,3.846,6.32,16.3,56.23,262,6,Attention
47.68,2.158,5.37,24.01,52.34,1281,5,Normal
75.97,1.64,5.29,16.97,29.34,797,4,Attention
80.67,1.669,3.53,20.06,42.9,4439,4,Normal
79.53,1.881,5.27,20.52,62.64,3223,5,Normal
69.91,3.519,3.86,14.26,20.0,3381,10,Attention
59.3,3.147,8.13,18.43,52.31,2390,5,Normal
53.97,1.577,5.02,14.64,41.5,6408,9,Normal
74.0,1.48,6.26,23.16,31.47,4427,2,Attention
57.85,1.7,5.55,20.82,37.69,2039,9,Normal
64.6,1.539,4.38,26.15,38.75,2806,8,Attention
72.72,2.548,5.43,16.22,52.11,2745,7,Attention
73.3,3.027,5.42,21.5,53.8,985,11,Normal
57.37,2.365,5.88,10.91,41.75,7768,4,Normal
72.79,1.345,6.45,21.49,36.29,6836,2,Normal
79.42,2.681,3.32,16.5,43.76,5180,5,Attention
75.93,1.292,5.01,17.86,62.73,8706,6,Attention
81.56,3.065,6.38,15.96,54.36,3300,6,Attention
50.6,2.183,5.36,19.09,43.88,1212,5,Normal
57.38,1.035,5.21,19.51,44.94,8606,9,Normal
70.68,2.063,6.28,18.82,48.29,8698,11,Attention
59.77,1.702,4.24,22.52,38.29,6985,8,Normal
61.02,4.382,7.16,16.67,57.64,3409,2,Normal
60.85,1.048,4.66,19.82,44.09,4697,6,Normal
80.96,1.653,4.62,19.76,46.77,2043,5,Normal
69.97,1.169,4.06,20.11,18.71,590,10,Normal
56.04,2.963,5.52,21.14,42.47,6444,6,Normal
58.91,1.865,6.43,27.57,49.07,2203,7,Normal
51.71,3.488,6.21,19.1,69.91,7435,7,Normal
56.64,2.38,7.39,16.31,58.69,6535,5,Normal
78.39,1.608,5.32,23.38,43.92,9347,8,Attention
59.53,4.016,3.86,21.15,57.27,29,8,Normal
63.49,1.912,5.4,21.85,27.73,6628,10,Normal
69.21,3.11,3.68,15.62,31.11,8445,6,Attention
76.12,1.53,4.63,17.96,49.11,7212,11,Attention
43.85,1.373,6.46,20.14,40.54,9352,11,Normal
65.42,2.309,4.69,24.61,53.31,6625,6,Attention
84.28,1.921,5.92,17.62,46.53,4646,2,Attention
56.08,1.498,5.53,15.59,52.9,7962,4,Normal
59.64,1.059,5.83,16.02,44.1,8275,12,Normal
58.19,3.328,4.58,12.65,57.94,649,8,Normal
62.95,1.879,5.7,15.56,36.47,7703,5,Normal
88.06,1.167,5.76,19.93,66.25,7390,7,Attention
74.76,1.379,5.74,16.6,49.92,4823,8,Attention
88.27,2.178,5.51,24.68,40.49,6122,4,Attention
82.8,1.611,4.91,14.49,35.97,6002,7,Attention
43.86,3.326,6.06,19.56,37.62,1340,6,Normal
54.04,3.245,4.88,21.8,46.43,8963,8,Normal
85.69,3.064,4.92,17.45,32.99,8359,7,Attention
62.52,1.538,3.34,20.0,20.01,5475,7,Attention
76.81,2.406,5.2,21.66,30.15,5490,11,Attention
70.76,4.021,4.62,13.41,30.55,5923,8,Attention
69.18,3.834,5.41,14.85,40.32,9955,9,Attention
84.45,3.436,3.23,11.29,45.66,4988,8,Attention
52.71,1.394,3.35,13.17,69.8,7548,8,Attention
65.72,1.387,4.44,22.81,50.68,7602,4,Attention
65.34,2.103,3.52,27.72,36.78,4411,6,Attention
66.81,2.32,5.83,14.19,58.15,9851,10,Attention
57.22,3.379,4.76,11.6,36.46,8015,6,Normal
66.22,2.302,3.59,21.14,27.41,9484,4,Attention
45.11,3.286,4.96,9.88,45.7,149,8,Normal
51.42,1.176,4.23,16.15,56.03,9738,12,Normal
72.39,1.576,6.05,24.07,46.15,1054,5,Normal
71.3,2.914,5.62,12.77,20.28,7264,5,Attention
42.69,2.412,4.1,26.32,60.54,5327,6,Normal
54.79,2.779,3.55,8.17,50.11,7969,13,Attention
60.74,1.286,4.86,20.35,40.59,8408,7,Normal
68.25,4.469,5.81,15.28,57.9,5903,8,Attention
71.71,1.553,6.84,21.63,46.5,8245,4,Attention
78.54,1.696,5.31,18.07,55.17,8376,5,Attention
62.49,1.728,5.22,20.35,35.35,8599,8,Attention
70.62,3.741,5.86,19.55,53.36,2941,7,Attention
72.03,1.578,5.59,13.6,61.86,9269,7,Normal
66.39,0.985,6.03,20.16,72.15,9873,9,Attention
73.24,2.423,6.01,19.25,46.74,9243,9,Attention
63.37,1.502,5.72,8.02,40.62,180,5,Normal
79.44,1.526,6.54,18.58,27.55,6044,6,Normal
76.08,1.444,4.66,19.64,61.61,1757,7,Normal
83.1,1.162,5.8,16.69,38.53,4243,7,Normal
70.55,1.493,5.68,23.85,31.85,3741,5,Normal
46.92,1.19,3.44,17.79,44.21,9934,5,Normal
84.39,2.353,5.43,16.45,46.56,9753,9,Attention
68.63,1.825,4.22,17.97,51.03,3646,5,Normal
69.0,2.811,4.15,9.18,38.09,1203,6,Normal
62.13,1.956,5.27,12.16,44.71,4852,7,Normal
54.65,2.982,7.2,9.16,38.11,337,2,Normal
67.43,1.561,6.33,16.52,41.15,9684,4,Attention
57.68,4.086,5.68,11.36,37.29,9398,9,Attention
71.65,3.958,5.65,23.54,40.75,6467,7,Attention
58.04,1.537,2.79,20.25,53.05,5484,9,Normal
57.64,7.171,5.09,17.39,30.08,3284,2,Normal
68.0,4.134,5.25,14.4,47.25,5438,7,Attention
64.63,3.066,5.22,21.15,29.36,9385,7,Attention
54.46,4.937,6.33,18.28,36.65,1224,8,Normal
68.06,3.893,5.46,14.65,38.64,8556,5,Attention
76.68,2.781,6.07,17.17,56.2,4699,11,Attention
65.29,1.825,4.06,21.98,53.75,5670,8,Attention
61.25,3.929,5.97,16.87,30.08,9397,2,Attention
81.24,2.383,6.23,23.12,30.69,1898,5,Attention
78.77,2.17,5.15,21.86,21.88,2687,5,Attention
66.48,1.704,4.61,11.42,28.58,548,12,Normal
78.55,1.471,5.73,21.4,41.69,9531,9,Attention
70.53,2.424,4.64,11.98,39.63,4367,10,Attention
66.29,2.904,6.39,22.49,50.45,6640,8,Attention
82.66,4.302,5.29,17.22,60.74,1982,10,Attention
65.28,1.525,6.26,20.47,52.47,6982,5,Normal
46.06,2.854,4.51,29.68,32.78,4884,9,Normal
70.75,1.398,4.43,22.29,33.58,2736,5,Normal
52.69,2.122,3.37,23.66,24.03,7656,4,Attention
60.11,4.231,4.52,14.56,33.72,9459,6,Normal
76.09,1.918,7.73,16.75,36.46,6101,5,Normal
61.82,2.615,4.99,20.85,50.93,1158,10,Normal
72.28,3.486,5.46,21.47,41.53,6322,13,Attention
69.11,2.253,6.1,13.16,24.61,9693,9,Attention
72.68,4.295,6.8,18.02,32.8,8553,6,Attention
75.99,4.982,5.79,22.46,44.44,7118,9,Attention
71.29,3.464,4.53,17.84,47.24,6367,10,Attention
84.34,4.466,6.23,18.84,44.86,8454,13,Urgent
46.11,3.378,6.44,22.11,54.94,2155,8,Normal
68.65,2.921,5.13,19.02,42.21,4969,4,Normal
75.08,4.298,6.3,17.7,48.8,4994,5,Attention
74.18,1.655,6.71,14.49,35.02,7593,4,Attention
59.04,4.929,5.79,23.69,40.09,5260,6,Normal
72.58,1.312,5.14,21.17,48.91,9998,7,Attention
68.55,2.288,5.01,21.9,55.53,8029,8,Attention
57.81,1.036,5.03,13.61,49.29,6550,9,Normal
72.16,2.349,5.87,21.73,41.37,9437,11,Attention
72.47,1.329,4.29,18.28,59.93,1542,7,Normal
60.87,4.948,5.56,20.53,41.72,1371,7,Normal
84.94,2.236,6.13,24.07,53.13,174,3,Attention
70.35,1.846,5.11,18.41,36.74,4886,8,Normal
70.42,2.535,3.89,19.12,43.32,6225,8,Attention
51.02,2.206,6.3,12.1,43.63,3770,10,Normal
83.94,2.294,4.78,22.68,30.86,3445,6,Attention
56.62,0.902,4.55,10.62,40.46,6632,5,Normal
53.36,3.631,5.32,13.55,49.59,1271,6,Normal
83.75,3.312,4.43,18.21,50.25,6706,6,Attention
76.34,0.841,6.78,19.71,40.36,6535,9,Attention
65.34,2.87,6.04,17.17,36.74,4586,8,Normal
46.34,1.618,3.31,19.42,41.93,2384,9,Normal
54.79,3.891,4.0,21.81,38.58,6082,2,Normal
80.21,1.009,4.86,11.67,49.79,2064,6,Normal
65.94,1.593,4.61,19.04,41.19,4807,9,Normal
88.65,1.255,6.22,18.8,42.47,332,9,Attention
67.74,2.103,5.64,21.56,31.69,3570,5,Attention
63.6,1.491,6.69,15.61,32.51,4814,6,Normal
89.71,1.069,5.96,14.58,46.06,9920,4,Attention
69.16,2.115,6.47,21.05,26.56,1808,7,Normal
76.75,2.542,3.76,12.68,59.47,5678,8,Attention
81.46,4.489,6.37,22.44,41.37,2737,2,Attention
72.07,2.774,6.53,23.57,53.37,3206,5,Normal
65.33,3.272,2.85,14.48,22.85,5765,5,Attention
83.04,2.198,6.73,17.75,38.43,5822,6,Attention
70.44,3.66,6.41,16.77,50.74,404,8,Attention
46.74,2.442,5.06,11.51,25.48,5022,10,Normal
98.15,4.494,4.5,18.84,35.32,8528,9,Urgent
53.24,1.647,6.18,13.15,34.71,4639,8,Normal
61.91,0.821,4.39,16.33,54.24,115,12,Normal
71.29,1.012,5.81,22.56,31.9,7102,4,Normal
71.22,3.509,5.64,18.35,44.42,2201,6,Normal
49.2,2.58,5.81,23.19,34.6,7990,7,Normal
79.47,1.22,4.04,16.17,42.92,6401,5,Attention
69.36,1.745,5.42,18.31,25.83,3475,6,Attention
70.61,1.215,7.67,18.32,37.44,7244,2,Normal
87.64,2.211,5.9,16.68,37.86,3823,8,Attention
77.98,4.972,4.11,12.32,46.37,8834,7,Urgent
77.55,1.552,4.17,18.24,56.13,67,12,Attention
43.26,2.24,4.99,15.05,50.75,9571,5,Normal
59.84,2.938,4.22,25.14,31.22,7917,12,Attention
61.25,4.523,5.02,7.51,43.23,6768,8,Normal
67.78,2.059,6.23,26.52,53.56,9419,7,Attention
93.46,3.483,3.95,18.43,39.35,4759,7,Urgent
50.77,6.294,5.29,19.68,35.15,9220,5,Normal
66.51,3.473,5.39,12.99,31.92,4469,9,Normal
71.06,1.216,4.03,19.02,36.53,6280,9,Attention
77.97,2.11,5.67,13.55,41.66,2847,4,Normal
62.42,2.222,3.82,21.94,37.97,9675,5,Attention
45.7,3.303,4.7,17.19,59.9,1628,7,Normal
61.4,1.267,7.07,18.51,41.31,6822,10,Normal
66.73,2.009,5.54,20.05,41.34,7393,5,Normal
85.15,1.74,4.91,16.89,39.45,7567,7,Attention
64.94,2.389,5.67,22.65,47.88,3928,4,Normal
59.67,2.505,4.72,18.99,47.28,4420,10,Normal
62.25,2.142,6.49,20.24,63.02,1792,7,Normal
68.0,1.157,5.84,17.94,42.82,2484,5,Normal
73.81,1.603,4.3,21.65,68.82,7539,5,Attention
44.31,4.13,3.27,23.48,46.12,5587,7,Normal
87.43,5.121,2.77,18.86,50.39,4110,11,Urgent
55.5,2.061,5.38,19.26,34.95,7248,10,Normal
58.27,2.839,6.46,19.92,50.16,2729,9,Normal
71.53,1.899,5.73,19.06,44.07,3134,3,Normal
69.47,3.899,4.48,15.87,37.46,3716,11,Attention
64.75,3.711,6.42,13.71,38.84,4220,8,Normal
59.78,2.703,6.02,18.71,48.24,804,8,Normal
69.23,2.696,6.27,11.22,36.07,3283,3,Normal
79.5,2.278,5.85,22.53,41.56,9234,5,Attention
56.44,3.571,4.74,17.26,34.13,1248,5,Normal
74.87,2.191,7.11,13.16,39.26,3103,10,Normal
56.83,1.698,5.75,17.56,56.15,9103,5,Normal
89.05,6.45,7.19,12.8,33.6,4783,8,Urgent
81.3,2.708,5.85,22.09,43.21,7477,10,Attention
64.54,2.022,7.07,14.49,36.79,6660,7,Normal
62.79,2.736,4.73,19.63,54.68,6317,12,Normal
76.43,3.282,3.43,22.88,41.21,863,5,Attention
71.39,1.823,6.56,21.22,17.79,9244,6,Attention
69.15,1.202,6.55,21.42,44.65,2735,3,Normal
73.54,1.106,4.54,17.15,43.53,7552,6,Attention
73.53,1.132,5.56,22.32,46.67,6894,7,Normal
66.14,1.293,6.8,14.11,20.85,26,3,Normal
51.03,1.02,5.97,16.21,49.34,3491,11,Normal
72.46,1.787,6.05,14.44,30.98,1334,11,Attention
66.36,2.821,7.48,18.71,49.47,2692,11,Normal
75.59,1.242,4.33,21.24,42.57,9448,7,Attention
81.94,4.157,5.65,22.59,55.39,9831,5,Attention
68.13,2.895,4.39,21.88,44.98,1850,9,Normal
55.34,0.697,6.56,15.94,46.31,6595,7,Normal
49.51,1.864,4.91,17.31,48.23,1792,10,Normal
60.35,1.774,5.42,13.03,41.68,1140,3,Normal
67.99,2.281,4.95,11.79,45.65,750,5,Attention
73.73,1.641,5.68,15.96,25.39,64,9,Normal
74.7,1.764,5.39,11.71,20.3,8177,10,Attention
61.72,2.742,4.9,13.11,32.48,6422,4,Normal
65.74,2.203,4.97,18.46,41.41,4596,9,Normal
68.95,3.722,6.22,22.38,44.0,1857,12,Normal
70.13,2.061,2.77,17.06,38.99,4843,7,Attention
50.32,1.941,5.47,16.58,41.9,2398,9,Normal
58.67,2.879,4.56,28.19,44.55,5539,5,Normal
76.42,2.384,6.72,14.44,26.77,6158,4,Attention
93.91,2.788,4.77,16.04,37.88,1089,12,Attention
45.31,0.829,5.14,25.01,33.47,1182,6,Normal
79.97,1.65,7.04,16.16,30.74,820,2,Normal
72.93,4.14,4.0,18.07,46.27,748,6,Attention
42.62,4.087,6.57,20.04,36.85,3421,7,Normal
72.01,2.409,6.0,20.69,45.07,3376,3,Normal
65.66,1.998,4.44,14.55,28.33,5061,9,Attention
80.32,1.919,4.72,20.62,38.04,7499,8,Attention
67.83,4.753,3.18,21.01,41.95,2842,5,Attention
69.65,3.591,4.02,15.98,49.25,5210,8,Attention
71.76,1.486,4.96,18.49,46.9,3408,7,Normal
74.39,2.744,6.08,20.57,51.3,9554,12,Attention
58.71,1.91,2.66,16.01,28.95,6222,8,Attention
78.01,1.457,4.31,11.23,41.08,5813,5,Attention
77.07,1.935,4.6,12.09,47.03,7070,4,Attention
82.38,0.591,2.48,19.34,31.27,7452,4,Urgent
70.58,1.333,4.81,20.19,35.01,618,4,Normal
77.28,1.718,7.07,16.72,44.51,4590,6,Attention
63.42,2.327,5.49,19.8,38.06,6114,8,Normal
67.75,1.983,4.93,20.49,50.43,6993,8,Normal
64.26,1.462,6.5,21.87,38.12,7614,5,Normal
75.71,2.016,5.26,14.87,39.4,3415,6,Normal
68.79,1.766,5.86,15.67,42.84,697,8,Normal
80.12,2.101,7.68,17.71,49.38,5442,6,Attention
78.01,3.712,6.26,23.32,43.08,4341,9,Attention
54.83,1.995,3.78,23.0,35.56,4748,4,Normal
83.97,1.039,5.41,27.19,38.39,2637,9,Attention
60.03,2.538,4.7,18.39,40.53,3634,10,Normal
86.08,1.013,4.85,14.55,50.83,897,3,Normal
85.05,2.627,5.65,18.9,13.49,8024,3,Attention
66.36,2.667,5.01,21.19,55.0,9218,7,Attention
52.42,1.176,7.67,17.18,30.08,5451,4,Normal
61.54,2.369,5.16,16.9,46.28,5066,8,Normal
77.38,1.024,6.78,23.64,36.18,6820,7,Attention
69.64,1.68,6.67,14.38,54.08,7893,11,Attention
71.01,2.037,6.22,17.94,53.77,6114,10,Attention
75.95,2.074,6.02,14.3,66.91,8588,7,Normal
41.95,3.755,5.45,19.69,46.4,6128,7,Normal
74.05,1.822,6.83,15.94,40.54,5266,4,Normal
58.13,1.757,5.3,20.15,48.36,9325,7,Normal
75.18,0.971,6.07,12.91,50.94,6872,5,Normal
53.5,2.341,1.85,20.41,43.86,1485,6,Attention
65.88,3.325,4.34,22.07,55.97,4024,9,Normal
70.48,4.057,6.16,16.03,46.51,2354,5,Normal
71.52,1.6,5.87,18.05,41.86,2644,2,Normal
79.05,2.55,6.64,20.95,30.1,3192,6,Attention
53.33,0.774,5.67,17.55,36.34,9997,6,Normal
67.68,3.578,5.3,21.19,45.56,547,6,Normal
56.92,2.415,6.68,23.98,40.09,9974,6,Normal
81.15,0.963,3.07,18.87,42.09,9983,12,Attention
60.53,2.395,8.9,17.04,39.75,8445,4,Normal
63.6,3.049,3.38,17.76,45.27,7740,6,Attention
57.0,0.935,5.89,22.67,51.4,9292,14,Normal
75.59,2.189,4.63,16.65,47.93,6445,6,Attention
82.45,1.81,5.82,13.79,39.0,6369,4,Attention
73.83,1.45,5.25,13.02,53.16,1946,8,Attention
65.28,1.686,2.78,15.76,31.0,7919,6,Attention
63.31,2.708,3.88,13.87,26.37,9076,2,Attention
58.92,4.064,5.04,17.01,47.35,706,8,Normal
50.33,3.057,7.5,21.15,39.1,2278,7,Normal
65.49,1.152,4.77,16.58,30.5,1163,9,Normal
71.77,3.343,4.83,15.49,40.3,5694,7,Attention
76.36,1.871,5.67,13.16,50.22,5562,4,Normal
82.12,2.338,6.89,21.52,53.52,3752,9,Attention
77.23,1.151,5.36,21.77,36.44,1465,6,Normal
72.2,3.916,6.99,22.41,38.49,9899,8,Attention
86.0,3.021,4.14,15.07,57.03,377,8,Attention
67.79,3.032,3.74,17.64,52.51,5022,10,Attention
68.69,2.437,4.83,19.61,43.65,7233,12,Attention
69.18,1.565,5.78,16.58,55.71,6986,8,Attention
50.74,3.055,4.69,14.51,43.44,3570,3,Normal
40.74,2.74,6.58,14.09,46.63,4242,7,Normal
52.95,3.738,4.0,12.43,48.77,1737,7,Normal
66.66,2.216,6.93,17.83,43.84,4543,8,Attention
53.46,1.46,5.05,15.99,31.84,2428,9,Normal
50.06,2.673,5.68,15.93,39.58,5630,6,Normal
62.34,1.816,6.92,17.55,54.94,8498,11,Normal
88.12,2.214,4.77,15.31,34.12,242,8,Attention
74.36,1.952,5.92,23.67,49.6,5378,4,Attention
70.69,1.512,5.19,23.27,47.09,9888,11,Attention
85.23,2.49,5.74,13.56,49.32,2578,6,Normal
73.87,1.792,6.28,16.71,56.27,3528,5,Normal
71.23,3.136,4.18,21.18,57.43,4550,7,Attention
53.47,2.082,5.6,11.6,58.72,3741,5,Normal
64.56,2.829,6.44,17.08,21.94,6745,5,Normal
91.85,2.149,6.39,14.23,38.83,5939,11,Attention
77.14,1.918,5.63,16.62,31.45,4678,6,Attention
77.81,2.443,3.02,18.36,37.08,2595,10,Attention
77.55,1.585,5.07,16.48,48.21,3818,3,Normal
57.31,2.606,4.11,19.36,58.32,7672,12,Attention
79.77,2.335,7.67,17.33,25.16,283,7,Attention
67.27,1.832,6.59,18.78,39.2,1933,9,Normal
43.87,1.842,2.54,19.75,53.87,5940,7,Normal
56.8,3.347,6.75,7.37,42.27,577,6,Normal
53.56,2.151,6.13,24.52,36.99,9248,5,Normal
67.75,2.852,5.37,20.67,41.18,4023,11,Attention
79.34,1.42,5.83,21.54,32.36,8840,7,Attention
78.31,1.113,6.5,14.87,27.88,8751,10,Attention
71.94,1.499,6.33,14.3,26.14,2245,4,Normal
61.66,1.102,7.14,18.88,37.32,3656,4,Normal
71.68,2.467,8.42,17.53,39.38,1560,8,Normal
70.78,2.518,6.43,12.62,47.4,9264,8,Normal
53.62,6.079,3.44,14.35,34.89,9307,8,Attention
56.97,1.334,5.92,25.24,56.36,2397,6,Normal
49.34,1.973,5.4,9.38,28.61,7838,10,Normal
61.8,1.482,5.14,12.17,57.26,4295,8,Normal
71.96,1.823,4.46,13.81,47.65,4491,10,Attention
59.79,1.989,4.13,18.22,42.02,286,7,Normal
71.62,2.763,4.42,17.12,40.62,4501,7,Attention
62.59,2.314,4.76,20.43,39.14,884,6,Normal
81.04,3.044,4.68,17.74,42.64,398,4,Normal
53.38,2.56,4.99,16.89,52.89,3504,7,Normal
